date,close_price_1000PEPEUSDT,return_1000PEPEUSDT,signal_1000PEPEUSDT,position_1000PEPEUSDT,signal_return_1000PEPEUSDT,cum_return_1000PEPEUSDT,cum_signal_return_1000PEPEUSDT
2023-05-05 00:00:00,0.0037211,,0,0.5,,,
2023-05-06 00:00:00,0.00262,-0.295907124,0,0.5,-0.147953562,-0.295907124,-0.147953562
2023-05-07 00:00:00,0.0027902,0.064961832,0,0.5,0.032480916,-0.250167961,-0.120278313
2023-05-08 00:00:00,0.0019464,-0.302415597,0,0.5,-0.151207799,-0.476928865,-0.253299093
2023-05-09 00:00:00,0.0020063,0.030774764,0,0.5,0.015387382,-0.460831475,-0.241809321
2023-05-10 00:00:00,0.0019195,-0.043263719,0,0.5,-0.02163186,-0.48415791,-0.258210395
2023-05-11 00:00:00,0.0013931,-0.274238083,0,0.5,-0.137119041,-0.625621456,-0.359923875
2023-05-12 00:00:00,0.0017444,0.252171416,0,0.5,0.126085708,-0.531213888,-0.279219423
2023-05-13 00:00:00,0.0018575,0.064836047,0,0.5,0.032418023,-0.50081965,-0.255853142
2023-05-14 00:00:00,0.0017853,-0.038869448,0,0.5,-0.019434724,-0.520222515,-0.270315431
2023-05-15 00:00:00,0.0017318,-0.029966952,0,0.5,-0.014983476,-0.534599984,-0.281248642
2023-05-16 00:00:00,0.0016643,-0.038976787,0,0.5,-0.019488394,-0.552739781,-0.295255951
2023-05-17 00:00:00,0.0015735,-0.054557472,0,0.5,-0.027278736,-0.577141168,-0.314480478
2023-05-18 00:00:00,0.0015789,0.00343184,0,0.5,0.00171592,-0.575689984,-0.313304182
2023-05-19 00:00:00,0.001523,-0.035404395,0,0.5,-0.017702198,-0.590712424,-0.325460207
2023-05-20 00:00:00,0.0017145,0.125738674,0,0.5,0.062869337,-0.539249147,-0.283052337
2023-05-21 00:00:00,0.0015964,-0.068883056,0,0.5,-0.034441528,-0.570987074,-0.30774511
2023-05-22 00:00:00,0.0015302,-0.041468304,0,0.5,-0.020734152,-0.588777512,-0.322098428
2023-05-23 00:00:00,0.0015916,0.040125474,0,0.5,0.020062737,-0.572277015,-0.308497867
2023-05-24 00:00:00,0.0014333,-0.099459663,0,0.5,-0.049729832,-0.614818199,-0.342886152
2023-05-25 00:00:00,0.0014289,-0.003069839,0,0.5,-0.001534919,-0.616000645,-0.343894769
2023-05-26 00:00:00,0.0014518,0.016026314,0,0.5,0.008013157,-0.609846551,-0.338637295
2023-05-27 00:00:00,0.0015131,0.042223447,0,0.5,0.021111723,-0.593372927,-0.324674788
2023-05-28 00:00:00,0.0014951,-0.011896107,0,0.5,-0.005948054,-0.598210207,-0.328691659
2023-05-29 00:00:00,0.0014358,-0.039662899,0,0.5,-0.019831449,-0.614146355,-0.342004676
2023-05-30 00:00:00,0.0012935,-0.099108511,0,0.5,-0.049554255,-0.652387735,-0.374611145
2023-05-31 00:00:00,0.0012636,-0.023115578,0,0.5,-0.011557789,-0.660422993,-0.381839257
2023-06-01 00:00:00,0.0012454,-0.014403292,0,0.5,-0.007201646,-0.66531402,-0.386291032
2023-06-02 00:00:00,0.0012821,0.029468444,0,0.5,0.014734222,-0.655451345,-0.377248508
2023-06-03 00:00:00,0.0012949,0.009983621,0,0.5,0.00499181,-0.652011502,-0.37413985
2023-06-04 00:00:00,0.0012384,-0.043632713,0,0.5,-0.021816356,-0.667195184,-0.387793839
2023-06-05 00:00:00,0.0010333,-0.165616925,0,0.5,-0.082808463,-0.722313294,-0.438489689
2023-06-06 00:00:00,0.0012066,0.167715088,0,0.5,0.083857544,-0.675741044,-0.391402814
2023-06-07 00:00:00,0.0010728,-0.110890104,0,0.5,-0.055445052,-0.711698154,-0.425146517
2023-06-08 00:00:00,0.0010833,0.009787472,0,0.5,0.004893736,-0.708876408,-0.422333336
2023-06-09 00:00:00,0.0011337,0.046524508,0,0.5,0.023262254,-0.695332025,-0.408895507
2023-06-10 00:00:00,0.0009292,-0.180382817,0,0.5,-0.090191409,-0.750288893,-0.462208054
2023-06-11 00:00:00,0.0009119,-0.018618166,0,0.5,-0.009309083,-0.754938056,-0.467214404
2023-06-12 00:00:00,0.0009042,-0.008443908,0,0.5,-0.004221954,-0.757007337,-0.4694638
2023-06-13 00:00:00,0.000917,0.01415616,0,0.5,0.00707808,-0.753567493,-0.465708622
2023-06-14 00:00:00,0.0008852,-0.034678299,0,0.5,-0.017339149,-0.762113354,-0.47497278
2023-06-15 00:00:00,0.0008969,0.013217352,0,0.5,0.006608676,-0.758969122,-0.471503046
2023-06-16 00:00:00,0.0009655,0.076485673,0,0.5,0.038242836,-0.740533713,-0.451291823
2023-06-17 00:00:00,0.0010003,0.036043501,0,0.5,0.01802175,-0.73118164,-0.441403141
2023-06-18 00:00:00,0.0009373,-0.062981106,0,0.5,-0.031490553,-0.748112117,-0.458993665
2023-06-19 00:00:00,0.000949,0.012482663,0,0.5,0.006241331,-0.744967886,-0.455617065
2023-06-20 00:00:00,0.0010691,0.126554268,0,0.5,0.063277134,-0.712692483,-0.421170073
2023-06-21 00:00:00,0.0013806,0.29136657,0,0.5,0.145683285,-0.628980678,-0.336844228
2023-06-22 00:00:00,0.0015433,0.117847313,0,0.5,0.058923656,-0.585257048,-0.297768665
2023-06-23 00:00:00,0.0016519,0.07036869,0,0.5,0.035184345,-0.556072129,-0.273061116
2023-06-24 00:00:00,0.0015531,-0.059809916,0,0.5,-0.029904958,-0.582623418,-0.294800192
2023-06-25 00:00:00,0.0016044,0.033030713,0,0.5,0.016515356,-0.568837172,-0.283153566
2023-06-26 00:00:00,0.0015086,-0.059710795,0,0.5,-0.029855398,-0.594582247,-0.304555302
2023-06-27 00:00:00,0.001618,0.072517566,0,0.5,0.036258783,-0.565182339,-0.279339323
2023-06-28 00:00:00,0.0014206,-0.122002472,0,0.5,-0.061001236,-0.618231168,-0.323300515
2023-06-29 00:00:00,0.0015419,0.085386456,0,0.5,0.042693228,-0.58563328,-0.29441003
2023-06-30 00:00:00,0.0016215,0.051624619,0,0.5,0.025812309,-0.564241756,-0.276197123
2023-07-01 00:00:00,0.0015552,-0.040888067,0,0.5,-0.020444033,-0.582059069,-0.290994573
2023-07-02 00:00:00,0.0015842,0.018647119,0,0.5,0.00932356,-0.574265674,-0.284384119
2023-07-03 00:00:00,0.0018343,0.157871481,0,0.5,0.07893574,-0.507054366,-0.227896449
2023-07-04 00:00:00,0.0017125,-0.066401352,0,0.5,-0.033200676,-0.539786622,-0.253530809
2023-07-05 00:00:00,0.0016512,-0.03579562,0,0.5,-0.01789781,-0.556260246,-0.266890973
2023-07-06 00:00:00,0.0015395,-0.067647771,0,0.5,-0.033823886,-0.586278251,-0.291687569
2023-07-07 00:00:00,0.0015638,0.015784346,0,0.5,0.007892173,-0.579747924,-0.286097445
2023-07-08 00:00:00,0.0015518,-0.007673616,0,0.5,-0.003836808,-0.582972777,-0.288836552
2023-07-09 00:00:00,0.0015438,-0.005155304,0,0.5,-0.002577652,-0.585122679,-0.290669683
2023-07-10 00:00:00,0.0015135,-0.019626895,0,0.5,-0.009813447,-0.593265432,-0.297630659
2023-07-11 00:00:00,0.0015001,-0.00885365,0,0.5,-0.004426825,-0.596866518,-0.300739925
2023-07-12 00:00:00,0.0015056,0.003666422,0,0.5,0.001833211,-0.59538846,-0.299458034
2023-07-13 00:00:00,0.0017128,0.137619554,0,0.5,0.068809777,-0.539706001,-0.251253898
2023-07-14 00:00:00,0.0016398,-0.042620271,0,0.5,-0.021310135,-0.559323856,-0.267209779
2023-07-15 00:00:00,0.0016438,0.002439322,0,0.5,0.001219661,-0.558248905,-0.266316023
2023-07-16 00:00:00,0.0015727,-0.043253437,0,0.5,-0.021626719,-0.577356158,-0.2821832
2023-07-17 00:00:00,0.0015748,0.001335283,0,0.5,0.000667642,-0.576791809,-0.281703956
2023-07-18 00:00:00,0.0015148,-0.038100076,0,0.5,-0.019050038,-0.592916073,-0.295387523
2023-07-19 00:00:00,0.0015244,0.00633747,0,0.5,0.003168735,-0.590336191,-0.293154792
2023-07-20 00:00:00,0.0015028,-0.014169509,0,0.5,-0.007084755,-0.596140926,-0.298162617
2023-07-21 00:00:00,0.001522,0.012776151,0,0.5,0.006388076,-0.590981161,-0.293679227
2023-07-22 00:00:00,0.00149,-0.021024967,0,0.5,-0.010512484,-0.599580769,-0.301104412
2023-07-23 00:00:00,0.0015037,0.009194631,0,0.5,0.004597315,-0.595899062,-0.297891369
2023-07-24 00:00:00,0.0013465,-0.104542129,0,0.5,-0.052271065,-0.638144635,-0.334591335
2023-07-25 00:00:00,0.0013053,-0.030597846,0,0.5,-0.015298923,-0.649216629,-0.344771371
2023-07-26 00:00:00,0.0013318,0.020301846,0,0.5,0.010150923,-0.642095079,-0.338120195
2023-07-27 00:00:00,0.0013428,0.008259498,0,0.5,0.004129749,-0.639138964,-0.335386798
2023-07-28 00:00:00,0.0013357,-0.005287459,0,0.5,-0.00264373,-0.641047002,-0.337143855
2023-07-29 00:00:00,0.0013464,0.008010781,0,0.5,0.00400539,-0.638171508,-0.334488857
2023-07-30 00:00:00,0.0012946,-0.038472965,0,0.5,-0.019236482,-0.652092123,-0.347290951
2023-07-31 00:00:00,0.0012378,-0.043874556,0,0.5,-0.021937278,-0.667356427,-0.361609611
2023-08-01 00:00:00,0.0013021,0.051947003,0,0.5,0.025973501,-0.65007659,-0.345028377
2023-08-02 00:00:00,0.0012185,-0.064203978,0,0.5,-0.032101989,-0.672543065,-0.366054269
2023-08-03 00:00:00,0.0011981,-0.016741896,0,0.5,-0.008370948,-0.678025315,-0.371360996
2023-08-04 00:00:00,0.001154,-0.03680828,0,0.5,-0.01840414,-0.689876649,-0.382930556
2023-08-05 00:00:00,0.0011528,-0.001039861,0,0.5,-0.000519931,-0.690199135,-0.383251389
2023-08-06 00:00:00,0.0011568,0.003469813,0,0.5,0.001734906,-0.689124184,-0.382181388
2023-08-07 00:00:00,0.0011161,-0.035183264,0,0.5,-0.017591632,-0.70006181,-0.393049826
2023-08-08 00:00:00,0.0011754,0.05313144,0,0.5,0.02656572,-0.684125662,-0.376925757
2023-08-09 00:00:00,0.0012309,0.047217968,0,0.5,0.023608984,-0.669210717,-0.362215608
2023-08-10 00:00:00,0.0012331,0.00178731,0,0.5,0.000893655,-0.668619494,-0.361645648
2023-08-11 00:00:00,0.0012459,0.010380342,0,0.5,0.005190171,-0.665179651,-0.35833248
2023-08-12 00:00:00,0.0013522,0.085319849,0,0.5,0.042659925,-0.63661283,-0.330958992
2023-08-13 00:00:00,0.0013648,0.009318148,0,0.5,0.004659074,-0.633226734,-0.32784188
2023-08-14 00:00:00,0.0014048,0.029308324,0,0.5,0.014654162,-0.622477224,-0.317991966
2023-08-15 00:00:00,0.0012677,-0.097593964,0,0.5,-0.048796982,-0.659321168,-0.3512719
2023-08-16 00:00:00,0.0011651,-0.080933975,0,0.5,-0.040466987,-0.68689366,-0.377523972
2023-08-17 00:00:00,0.0010795,-0.073470088,0,0.5,-0.036735044,-0.709897611,-0.400390656
2023-08-18 00:00:00,0.0010892,0.008985642,0,0.5,0.004492821,-0.707290855,-0.397696719
2023-08-19 00:00:00,0.0011344,0.041498347,0,0.5,0.020749174,-0.695143909,-0.385199424
2023-08-20 00:00:00,0.0011173,-0.015074048,0,0.5,-0.007537024,-0.699739324,-0.38983319
2023-08-21 00:00:00,0.0010858,-0.028192965,0,0.5,-0.014096483,-0.708204563,-0.398434396
2023-08-22 00:00:00,0.0010723,-0.012433229,0,0.5,-0.006216614,-0.711832523,-0.402174098
2023-08-23 00:00:00,0.0011041,0.02965588,0,0.5,0.01482794,-0.703286663,-0.393309571
2023-08-24 00:00:00,0.0009415,-0.147269269,0,0.5,-0.073634635,-0.746983419,-0.437982999
2023-08-25 00:00:00,0.0008818,-0.063409453,0,0.5,-0.031704727,-0.763027062,-0.455801594
2023-08-26 00:00:00,0.0008669,-0.016897256,0,0.5,-0.008448628,-0.767031254,-0.460399324
2023-08-27 00:00:00,0.0008956,0.033106471,0,0.5,0.016553236,-0.759318481,-0.451467187
2023-08-28 00:00:00,0.0008577,-0.042317999,0,0.5,-0.021159,-0.769503641,-0.463073593
2023-08-29 00:00:00,0.0008951,0.04360499,0,0.5,0.021802495,-0.75945285,-0.451367257
2023-08-30 00:00:00,0.0008672,-0.031169702,0,0.5,-0.015584851,-0.766950633,-0.459917617
2023-08-31 00:00:00,0.0008033,-0.073685424,0,0.5,-0.036842712,-0.784122974,-0.479815716
2023-09-01 00:00:00,0.0007746,-0.035727624,0,0.5,-0.017863812,-0.791835747,-0.489108191
2023-09-02 00:00:00,0.0007838,0.011877098,-1,0,0.005938549,-0.78936336,-0.486074235
2023-09-03 00:00:00,0.0008022,0.023475376,-1,0,0,-0.784418586,-0.486074235
2023-09-04 00:00:00,0.0007976,-0.005734231,-1,0,0,-0.78565478,-0.486074235
2023-09-05 00:00:00,0.0008028,0.006519559,-1,0,0,-0.784257343,-0.486074235
2023-09-06 00:00:00,0.000796,-0.008470354,-1,0,0,-0.78608476,-0.486074235
2023-09-07 00:00:00,0.0008082,0.015326633,-1,0,0,-0.782806159,-0.486074235
2023-09-08 00:00:00,0.0007965,-0.014476615,-1,0,0,-0.785950391,-0.486074235
2023-09-09 00:00:00,0.0007857,-0.013559322,-1,0,0,-0.788852759,-0.486074235
2023-09-10 00:00:00,0.0007069,-0.100292733,-1,0,0,-0.810029292,-0.486074235
2023-09-11 00:00:00,0.0006688,-0.053897298,-1,0,0,-0.8202682,-0.486074235
2023-09-12 00:00:00,0.0006714,0.00388756,-1,0,0,-0.819569482,-0.486074235
2023-09-13 00:00:00,0.000674,0.003872505,-1,0,0,-0.818870764,-0.486074235
2023-09-14 00:00:00,0.0006828,0.01305638,-1,0,0,-0.816505872,-0.486074235
2023-09-15 00:00:00,0.0006839,0.001611013,-1,0,0,-0.81621026,-0.486074235
2023-09-16 00:00:00,0.0006756,-0.012136277,-1,0,0,-0.818440784,-0.486074235
2023-09-17 00:00:00,0.000627,-0.071936057,-1,0,0,-0.831501438,-0.486074235
2023-09-18 00:00:00,0.0006264,-0.000956938,-1,0,0,-0.83166268,-0.486074235
2023-09-19 00:00:00,0.0006424,0.025542784,-1,0,0,-0.827362877,-0.486074235
2023-09-20 00:00:00,0.0006283,-0.021948941,-1,0,0,-0.831152079,-0.486074235
2023-09-21 00:00:00,0.0006115,-0.026738819,-1,0,0,-0.835666873,-0.486074235
2023-09-22 00:00:00,0.0007144,0.168274734,-1,0,0,-0.808013759,-0.486074235
2023-09-23 00:00:00,0.0006774,-0.051791713,-1,0,0,-0.817957056,-0.486074235
2023-09-24 00:00:00,0.0006758,-0.002361972,-1,0,0,-0.818387036,-0.486074235
2023-09-25 00:00:00,0.0007104,0.051198579,-1,0,0,-0.80908871,-0.486074235
2023-09-26 00:00:00,0.0006949,-0.021818694,-1,0,0,-0.813254145,-0.486074235
2023-09-27 00:00:00,0.0007354,0.058281767,-1,0,0,-0.802370267,-0.486074235
2023-09-28 00:00:00,0.0007335,-0.002583628,-1,0,0,-0.802880869,-0.486074235
2023-09-29 00:00:00,0.0007909,0.078254942,-1,0,0,-0.787455322,-0.486074235
2023-09-30 00:00:00,0.000798,0.008977115,-1,0,0,-0.785547284,-0.486074235
2023-10-01 00:00:00,0.0008143,0.020426065,0,0.5,0,-0.781166859,-0.486074235
2023-10-02 00:00:00,0.0007428,-0.087805477,-1,0,-0.043902739,-0.800381608,-0.508636983
2023-10-03 00:00:00,0.0007224,-0.027463651,-1,0,0,-0.805863857,-0.508636983
2023-10-04 00:00:00,0.0007176,-0.006644518,-1,0,0,-0.807153799,-0.508636983
2023-10-05 00:00:00,0.000701,-0.023132664,-1,0,0,-0.811614845,-0.508636983
2023-10-06 00:00:00,0.0007241,0.032952924,-1,0,0,-0.805407003,-0.508636983
2023-10-07 00:00:00,0.000708,-0.022234498,-1,0,0,-0.809733681,-0.508636983
2023-10-08 00:00:00,0.0007155,0.01059322,-1,0,0,-0.807718148,-0.508636983
2023-10-09 00:00:00,0.0006649,-0.070719776,-1,0,0,-0.821316277,-0.508636983
2023-10-10 00:00:00,0.0006452,-0.029628516,-1,0,0,-0.826610411,-0.508636983
2023-10-11 00:00:00,0.0006354,-0.015189089,-1,0,0,-0.829244041,-0.508636983
2023-10-12 00:00:00,0.0006256,-0.015423355,-1,0,0,-0.831877671,-0.508636983
2023-10-13 00:00:00,0.0006455,0.031809463,-1,0,0,-0.82652979,-0.508636983
2023-10-14 00:00:00,0.0006449,-0.000929512,-1,0,0,-0.826691032,-0.508636983
2023-10-15 00:00:00,0.0006656,0.032098,-1,0,0,-0.821128161,-0.508636983
2023-10-16 00:00:00,0.0006733,0.01156851,-1,0,0,-0.81905888,-0.508636983
2023-10-17 00:00:00,0.0006351,-0.056735482,0,0.5,0,-0.829324662,-0.508636983
2023-10-18 00:00:00,0.0006307,-0.006928043,0,0.5,-0.003464021,-0.830507108,-0.510339075
2023-10-19 00:00:00,0.000627,-0.005866498,-1,0,-0.002933249,-0.831501438,-0.511775372
2023-10-20 00:00:00,0.0006564,0.046889952,0,0.5,0,-0.823600548,-0.511775372
2023-10-21 00:00:00,0.0006982,0.063680683,0,0.5,0.031840341,-0.812367311,-0.496230134
2023-10-22 00:00:00,0.0007473,0.070323689,0,0.5,0.035161845,-0.799172288,-0.478516656
2023-10-23 00:00:00,0.0010055,0.345510504,0,0.5,0.172755252,-0.729784204,-0.388427669
2023-10-24 00:00:00,0.0009254,-0.07966186,0,0.5,-0.03983093,-0.751310096,-0.412787164
2023-10-25 00:00:00,0.0012077,0.305057273,0,0.5,0.152528636,-0.675445433,-0.323220391
2023-10-26 00:00:00,0.0012849,0.06392316,0,0.5,0.03196158,-0.654698879,-0.301589445
2023-10-27 00:00:00,0.0011624,-0.095338159,0,0.5,-0.047669079,-0.687619252,-0.334882033
2023-10-28 00:00:00,0.0011425,-0.017119752,0,0.5,-0.008559876,-0.692967133,-0.340575361
2023-10-29 00:00:00,0.0011473,0.004201313,0,0.5,0.002100656,-0.691677192,-0.339190136
2023-10-30 00:00:00,0.0011724,0.021877451,0,0.5,0.010938726,-0.684931875,-0.331961718
2023-10-31 00:00:00,0.0011465,-0.022091436,0,0.5,-0.011045718,-0.691892182,-0.339340681
2023-11-01 00:00:00,0.0011867,0.035063236,0,0.5,0.017531618,-0.681088925,-0.327758254
2023-11-02 00:00:00,0.0010919,-0.079885396,0,0.5,-0.039942698,-0.706565263,-0.354609403
2023-11-03 00:00:00,0.0010788,-0.011997436,0,0.5,-0.005998718,-0.710085727,-0.358480919
2023-11-04 00:00:00,0.0011171,0.03550241,0,0.5,0.017751205,-0.699793072,-0.347093183
2023-11-05 00:00:00,0.0011225,0.004833945,0,0.5,0.002416973,-0.698341888,-0.345515125
2023-11-06 00:00:00,0.0012085,0.076614699,0,0.5,0.03830735,-0.675230443,-0.320443544
2023-11-07 00:00:00,0.0011661,-0.035084816,0,0.5,-0.017542408,-0.686624923,-0.3323646
2023-11-08 00:00:00,0.0011849,0.016122116,0,0.5,0.008061058,-0.681572653,-0.326982753
2023-11-09 00:00:00,0.0013343,0.12608659,0,0.5,0.063043295,-0.641423235,-0.284553528
2023-11-10 00:00:00,0.0013437,0.007044892,0,0.5,0.003522446,-0.6388971,-0.282033406
2023-11-11 00:00:00,0.0012774,-0.049341371,0,0.5,-0.024670685,-0.656714412,-0.299746134
2023-11-12 00:00:00,0.0012271,-0.039376859,0,0.5,-0.01968843,-0.670231921,-0.313533033
2023-11-13 00:00:00,0.0011634,-0.05191101,0,0.5,-0.025955505,-0.687350515,-0.33135063
2023-11-14 00:00:00,0.0011522,-0.009626955,0,0.5,-0.004813478,-0.690360377,-0.334569159
2023-11-15 00:00:00,0.0012562,0.090262107,0,0.5,0.045131054,-0.662411652,-0.304537564
2023-11-16 00:00:00,0.001142,-0.090909091,0,0.5,-0.045454545,-0.693101502,-0.336149492
2023-11-17 00:00:00,0.0011525,0.009194396,0,0.5,0.004597198,-0.690279756,-0.33309764
2023-11-18 00:00:00,0.0011485,-0.003470716,0,0.5,-0.001735358,-0.691354707,-0.334254955
2023-11-19 00:00:00,0.0011913,0.037265999,0,0.5,0.018633,-0.679852732,-0.321850127
2023-11-20 00:00:00,0.0011311,-0.050533031,0,0.5,-0.025266516,-0.696030744,-0.338984612
2023-11-21 00:00:00,0.0010341,-0.085757227,0,0.5,-0.042878614,-0.722098304,-0.367328035
2023-11-22 00:00:00,0.001107,0.070496084,0,0.5,0.035248042,-0.702507323,-0.345027587
2023-11-23 00:00:00,0.0010691,-0.034236676,0,0.5,-0.017118338,-0.712692483,-0.356239626
2023-11-24 00:00:00,0.0011077,0.036105135,-1,0,0.018052568,-0.702319207,-0.344618099
2023-11-25 00:00:00,0.0011797,0.064999549,-1,0,0,-0.682970089,-0.344618099
2023-11-26 00:00:00,0.0011154,-0.054505383,-1,0,0,-0.700249926,-0.344618099
2023-11-27 00:00:00,0.0010831,-0.028958221,-1,0,0,-0.708930155,-0.344618099
2023-11-28 00:00:00,0.001095,0.010986982,-1,0,0,-0.705732176,-0.344618099
2023-11-29 00:00:00,0.0010571,-0.034611872,-1,0,0,-0.715917336,-0.344618099
2023-11-30 00:00:00,0.0010869,0.028190332,-1,0,0,-0.707908952,-0.344618099
2023-12-01 00:00:00,0.0011062,0.017756923,-1,0,0,-0.702722313,-0.344618099
2023-12-02 00:00:00,0.0011668,0.054782137,1,1,0,-0.686436806,-0.344618099
2023-12-03 00:00:00,0.0012075,0.034881728,1,1,0.034881728,-0.67549918,-0.321757246
2023-12-04 00:00:00,0.0013953,0.15552795,1,1,0.15552795,-0.625030233,-0.21627154
2023-12-05 00:00:00,0.0016203,0.161255644,1,1,0.161255644,-0.564564242,-0.089890903
2023-12-06 00:00:00,0.0014825,-0.085045979,1,1,-0.085045979,-0.601596302,-0.167292022
2023-12-07 00:00:00,0.001525,0.028667791,1,1,0.028667791,-0.590174948,-0.143420124
2023-12-08 00:00:00,0.001576,0.033442623,1,1,0.033442623,-0.576469324,-0.114773846
2023-12-09 00:00:00,0.0015327,-0.027474619,1,1,-0.027474619,-0.588105668,-0.139095098
2023-12-10 00:00:00,0.0016054,0.047432635,1,1,0.047432635,-0.568568434,-0.09826011
2023-12-11 00:00:00,0.0014127,-0.120032391,1,1,-0.120032391,-0.620354196,-0.206498104
2023-12-12 00:00:00,0.0013972,-0.010971898,0,0.5,-0.010971898,-0.624519631,-0.215204326
2023-12-13 00:00:00,0.0014164,0.013741769,1,1,0.006870885,-0.619359867,-0.209812086
2023-12-14 00:00:00,0.0014855,0.048785654,1,1,0.048785654,-0.600790089,-0.171262252
2023-12-15 00:00:00,0.0013294,-0.105082464,1,1,-0.105082464,-0.64274005,-0.258348056
2023-12-16 00:00:00,0.0014169,0.065819167,1,1,0.065819167,-0.619225498,-0.209533143
2023-12-17 00:00:00,0.0013374,-0.056108406,1,1,-0.056108406,-0.640590148,-0.253884978
2023-12-18 00:00:00,0.0013066,-0.023029759,1,1,-0.023029759,-0.64886727,-0.271067828
2023-12-19 00:00:00,0.0012483,-0.044619623,1,1,-0.044619623,-0.664534681,-0.303592507
2023-12-20 00:00:00,0.0012703,0.017623969,1,1,0.017623969,-0.65862245,-0.291319043
2023-12-21 00:00:00,0.0013066,0.028575927,1,1,0.028575927,-0.64886727,-0.271067828
2023-12-22 00:00:00,0.0015813,0.210240318,1,1,0.210240318,-0.575045014,-0.117816896
2023-12-23 00:00:00,0.0014733,-0.068298236,1,1,-0.068298236,-0.604068689,-0.178068445
2023-12-24 00:00:00,0.0013748,-0.066856716,1,1,-0.066856716,-0.630539357,-0.23302009
2023-12-25 00:00:00,0.0014078,0.024003491,1,1,0.024003491,-0.621671011,-0.214609894
2023-12-26 00:00:00,0.0013393,-0.04865748,1,1,-0.04865748,-0.640079546,-0.252824997
2023-12-27 00:00:00,0.001448,0.081161801,1,1,0.081161801,-0.610867754,-0.192182928
2023-12-28 00:00:00,0.0013435,-0.072168508,1,1,-0.072168508,-0.638950848,-0.250481882
2023-12-29 00:00:00,0.0013491,0.004168217,1,1,0.004168217,-0.637445917,-0.247357727
2023-12-30 00:00:00,0.0013091,-0.029649396,1,1,-0.029649396,-0.648195426,-0.269673116
2023-12-31 00:00:00,0.0012956,-0.010312428,1,1,-0.010312428,-0.651823386,-0.277204559
2024-01-01 00:00:00,0.0014066,0.085674591,1,1,0.085674591,-0.621993497,-0.215279356
2024-01-02 00:00:00,0.0013391,-0.047988056,1,1,-0.047988056,-0.640133294,-0.252936574
2024-01-03 00:00:00,0.0011875,-0.113210365,0,0.5,-0.113210365,-0.680873935,-0.337511898
2024-01-04 00:00:00,0.0012558,0.057515789,0,0.5,0.028757895,-0.662519148,-0.318460134
2024-01-05 00:00:00,0.0011974,-0.04650422,0,0.5,-0.02325211,-0.678213432,-0.334307374
2024-01-06 00:00:00,0.0011575,-0.033322198,0,0.5,-0.016661099,-0.688936067,-0.345398545
2024-01-07 00:00:00,0.0011126,-0.038790497,0,0.5,-0.019395248,-0.701002392,-0.358094703
2024-01-08 00:00:00,0.0011944,0.073521481,0,0.5,0.036760741,-0.679019645,-0.334497789
2024-01-09 00:00:00,0.0011968,0.002009377,0,0.5,0.001004689,-0.678374674,-0.333829166
2024-01-10 00:00:00,0.001331,0.112132353,0,0.5,0.056066176,-0.64231007,-0.296479515
2024-01-11 00:00:00,0.0013642,0.024943651,0,0.5,0.012471826,-0.633387977,-0.28770533
2024-01-12 00:00:00,0.0012348,-0.094854127,0,0.5,-0.047427063,-0.66816264,-0.321487375
2024-01-13 00:00:00,0.0012439,0.007369615,0,0.5,0.003684807,-0.665717127,-0.318987186
2024-01-14 00:00:00,0.0011939,-0.040196157,0,0.5,-0.020098079,-0.679154014,-0.332674235
2024-01-15 00:00:00,0.0012046,0.008962225,0,0.5,0.004481112,-0.67627852,-0.329683874
2024-01-16 00:00:00,0.0012454,0.033870164,0,0.5,0.016935082,-0.66531402,-0.318332015
2024-01-17 00:00:00,0.0012074,-0.030512285,0,0.5,-0.015256143,-0.675526054,-0.328731639
2024-01-18 00:00:00,0.0011444,-0.052178234,0,0.5,-0.026089117,-0.692456532,-0.346244438
2024-01-19 00:00:00,0.0011373,-0.006204124,0,0.5,-0.003102062,-0.69436457,-0.348272428
2024-01-20 00:00:00,0.0011665,0.025674844,0,0.5,0.012837422,-0.686517428,-0.339905927
2024-01-21 00:00:00,0.0011234,-0.036948135,0,0.5,-0.018474068,-0.698100024,-0.352100549
2024-01-22 00:00:00,0.0010547,-0.061153641,0,0.5,-0.03057682,-0.716562307,-0.371911254
2024-01-23 00:00:00,0.0010413,-0.012705035,0,0.5,-0.006352517,-0.720163393,-0.375901199
2024-01-24 00:00:00,0.001043,0.001632575,0,0.5,0.000816287,-0.719706538,-0.375391755
2024-01-25 00:00:00,0.001028,-0.014381592,0,0.5,-0.007190796,-0.723737604,-0.379883185
2024-01-26 00:00:00,0.001083,0.053501946,0,0.5,0.026750973,-0.708957029,-0.363294457
2024-01-27 00:00:00,0.0010958,0.011819021,0,0.5,0.005909511,-0.705517186,-0.359531839
2024-01-28 00:00:00,0.0010658,-0.027377259,0,0.5,-0.013688629,-0.713579318,-0.36829897
2024-01-29 00:00:00,0.0010648,-0.000938262,0,0.5,-0.000469131,-0.713848056,-0.368595321
2024-01-30 00:00:00,0.0010093,-0.052122464,0,0.5,-0.026061232,-0.728763,-0.385050505
2024-01-31 00:00:00,0.000913,-0.095412662,0,0.5,-0.047706331,-0.754642444,-0.414387489
2024-02-01 00:00:00,0.0009174,0.004819277,0,0.5,0.002409639,-0.753459998,-0.412976375
2024-02-02 00:00:00,0.0009294,0.013080445,0,0.5,0.006540222,-0.750235146,-0.40913711
2024-02-03 00:00:00,0.000924,-0.0058102,0,0.5,-0.0029051,-0.751686329,-0.410853625
2024-02-04 00:00:00,0.0008882,-0.038744589,0,0.5,-0.019372294,-0.76130714,-0.422266742
2024-02-05 00:00:00,0.0008981,0.011146138,0,0.5,0.005573069,-0.758646637,-0.419046995
2024-02-06 00:00:00,0.000904,0.006569424,0,0.5,0.003284712,-0.757061084,-0.417138732
2024-02-07 00:00:00,0.0009667,0.069358407,0,0.5,0.034679204,-0.740211228,-0.396925567
2024-02-08 00:00:00,0.0009554,-0.011689252,0,0.5,-0.005844626,-0.743247964,-0.400450312
2024-02-09 00:00:00,0.0010167,0.064161608,0,0.5,0.032080804,-0.726774341,-0.381216276
2024-02-10 00:00:00,0.0010144,-0.002262221,0,0.5,-0.00113111,-0.727392438,-0.381916188
2024-02-11 00:00:00,0.0010054,-0.00887224,0,0.5,-0.00443612,-0.729811077,-0.384658082
2024-02-12 00:00:00,0.0010807,0.074895564,0,0.5,0.037447782,-0.709575126,-0.361614892
2024-02-13 00:00:00,0.0010839,0.002961044,0,0.5,0.001480522,-0.708715165,-0.360669749
2024-02-14 00:00:00,0.0012479,0.151305471,1,1,0.075652735,-0.664642176,-0.312302667
2024-02-15 00:00:00,0.0012451,-0.00224377,0,0.5,-0.00224377,-0.665394641,-0.313845701
2024-02-16 00:00:00,0.0011671,-0.062645571,0,0.5,-0.031322785,-0.686356185,-0.335337965
2024-02-17 00:00:00,0.0011883,0.018164682,1,1,0.009082341,-0.680658945,-0.329301278
2024-02-18 00:00:00,0.0012255,0.031305226,1,1,0.031305226,-0.670661901,-0.308304903
2024-02-19 00:00:00,0.0012315,0.004895961,1,1,0.004895961,-0.669049475,-0.304918391
2024-02-20 00:00:00,0.0011945,-0.030044661,1,1,-0.030044661,-0.678992771,-0.325801882
2024-02-21 00:00:00,0.0011543,-0.033654249,1,1,-0.033654249,-0.689796028,-0.348491513
2024-02-22 00:00:00,0.0012105,0.048687516,1,1,0.048687516,-0.674692967,-0.316771183
2024-02-23 00:00:00,0.0011969,-0.011235027,0,0.5,-0.011235027,-0.6783478,-0.324447277
2024-02-24 00:00:00,0.0013131,0.097084134,1,1,0.048542067,-0.647120475,-0.291654552
2024-02-25 00:00:00,0.0013778,0.049272713,1,1,0.049272713,-0.629733143,-0.256752449
2024-02-26 00:00:00,0.0018099,0.313615909,1,1,0.313615909,-0.513611566,-0.023658193
2024-02-27 00:00:00,0.0026629,0.471296757,1,1,0.471296757,-0.284378275,0.436488535
2024-02-28 00:00:00,0.0031813,0.194674978,1,1,0.194674978,-0.145064631,0.716136909
2024-02-29 00:00:00,0.0027366,-0.139785622,1,1,-0.139785622,-0.264572304,0.476245643
2024-03-01 00:00:00,0.0039945,0.45965797,1,1,0.45965797,0.073472898,1.154813719
2024-03-02 00:00:00,0.0043776,0.095906872,1,1,0.095906872,0.176426326,1.361475162
2024-03-03 00:00:00,0.0059277,0.354098136,1,1,0.354098136,0.592996695,2.197669115
2024-03-04 00:00:00,0.0070265,0.185367006,1,1,0.185367006,0.888285722,2.790411464
2024-03-05 00:00:00,0.0063028,-0.102995802,1,1,-0.102995802,0.69380022,2.400014997
2024-03-06 00:00:00,0.0072109,0.144078822,1,1,0.144078822,0.937840961,2.889885153
2024-03-07 00:00:00,0.006815,-0.054902994,1,1,-0.054902994,0.83144769,2.676318811
2024-03-08 00:00:00,0.0090266,0.324519442,1,1,0.324519442,1.425788073,3.869355742
2024-03-09 00:00:00,0.0087737,-0.028017194,1,1,-0.028017194,1.357824299,3.732930059
2024-03-10 00:00:00,0.0085492,-0.025587836,1,1,-0.025587836,1.297492677,3.611824619
2024-03-11 00:00:00,0.0090515,0.058754035,1,1,0.058754035,1.432479643,3.882787927
2024-03-12 00:00:00,0.0082885,-0.084295421,1,1,-0.084295421,1.227432748,3.471191265
2024-03-13 00:00:00,0.0090421,0.090921156,1,1,0.090921156,1.429953508,3.877717142
2024-03-14 00:00:00,0.0099682,0.102420898,1,1,0.102420898,1.678831528,4.377297311
2024-03-15 00:00:00,0.0089318,-0.103970627,1,1,-0.103970627,1.400311736,3.81821634
2024-03-16 00:00:00,0.0074404,-0.166976421,1,1,-0.166976421,0.999516272,3.013687819
2024-03-17 00:00:00,0.0078507,0.055144885,1,1,0.055144885,1.109779366,3.235022171
2024-03-18 00:00:00,0.0068171,-0.13165705,1,1,-0.13165705,0.832012039,2.677451646
2024-03-19 00:00:00,0.0066026,-0.031464992,1,1,-0.031464992,0.774367794,2.561740658
2024-03-20 00:00:00,0.0083869,0.270242026,1,1,0.270242026,1.253876542,3.524272669
2024-03-21 00:00:00,0.0078995,-0.05811444,1,1,-0.05811444,1.122893768,3.261347095
2024-03-22 00:00:00,0.0074237,-0.06023166,1,1,-0.06023166,0.995028352,3.004679084
2024-03-23 00:00:00,0.0073246,-0.013349139,1,1,-0.013349139,0.968396442,2.951220068
2024-03-24 00:00:00,0.0078184,0.067416651,1,1,0.067416651,1.101099137,3.217598092
2024-03-25 00:00:00,0.0081028,0.036375729,1,1,0.036375729,1.17752815,3.371016297
2024-03-26 00:00:00,0.0080402,-0.007725724,1,1,-0.007725724,1.160705168,3.33724703
2024-03-27 00:00:00,0.0076289,-0.051155444,1,1,-0.051155444,1.050173336,3.115373233
2024-03-28 00:00:00,0.0080363,0.053402194,1,1,0.053402194,1.159657091,3.335143193
2024-03-29 00:00:00,0.007753,-0.035252542,1,1,-0.035252542,1.083523689,3.182318378
2024-03-30 00:00:00,0.0081317,0.048845608,1,1,0.048845608,1.185294671,3.386606262
2024-03-31 00:00:00,0.008804,0.082676439,1,1,0.082676439,1.365967053,3.749275248
2024-04-01 00:00:00,0.0079297,-0.099307133,1,1,-0.099307133,1.131009648,3.277638339
2024-04-02 00:00:00,0.0072589,-0.084593364,1,1,-0.084593364,0.950740372,2.915778521
2024-04-03 00:00:00,0.0068099,-0.061855102,0,0.5,-0.061855102,0.830077128,2.673567641
2024-04-04 00:00:00,0.0069251,0.016916548,1,1,0.008458274,0.861035715,2.704639683
2024-04-05 00:00:00,0.0065753,-0.050511906,0,0.5,-0.050511906,0.767031254,2.517511271
2024-04-06 00:00:00,0.0067739,0.030203945,0,0.5,0.015101973,0.820402569,2.57063263
2024-04-07 00:00:00,0.0074518,0.100075289,0,0.5,0.050037644,1.002579882,2.749298676
2024-04-08 00:00:00,0.0077765,0.043573365,0,0.5,0.021786682,1.089839026,2.830983456
2024-04-09 00:00:00,0.0070416,-0.094502668,0,0.5,-0.047251334,0.892343662,2.649964376
2024-04-10 00:00:00,0.0071407,0.014073506,0,0.5,0.007036753,0.918975572,2.675648274
2024-04-11 00:00:00,0.0073175,0.024759477,0,0.5,0.012379739,0.966488404,2.721151839
2024-04-12 00:00:00,0.0059117,-0.192114793,0,0.5,-0.096057397,0.588696891,2.363707681
2024-04-13 00:00:00,0.0050416,-0.147182705,0,0.5,-0.073591353,0.354868184,2.116167882
2024-04-14 00:00:00,0.005432,0.077435735,0,0.5,0.038717867,0.459783397,2.236819257
2024-04-15 00:00:00,0.0050914,-0.062702504,0,0.5,-0.031351252,0.368251324,2.135340921
2024-04-16 00:00:00,0.0054015,0.060906627,0,0.5,0.030453313,0.451586896,2.230822441
2024-04-17 00:00:00,0.0049111,-0.090789595,0,0.5,-0.045394798,0.319797909,2.08415991
2024-04-18 00:00:00,0.00508,0.034391481,0,0.5,0.01719574,0.365187713,2.137194323
2024-04-19 00:00:00,0.0051359,0.011003937,0,0.5,0.005501969,0.380210153,2.154455067
2024-04-20 00:00:00,0.005802,0.129694893,0,0.5,0.064847446,0.559216361,2.359013423
2024-04-21 00:00:00,0.0059511,0.025698035,0,0.5,0.012849018,0.599285158,2.402173446
2024-04-22 00:00:00,0.0068702,0.154442036,0,0.5,0.077221018,0.846282013,2.664892742
2024-04-23 00:00:00,0.0076769,0.117420162,0,0.5,0.058710081,1.063072747,2.880058893
2024-04-24 00:00:00,0.0072463,-0.056090349,0,0.5,-0.028045174,0.947354277,2.771241964
2024-04-25 00:00:00,0.0077785,0.073444379,0,0.5,0.036722189,1.090376502,2.909730225
2024-04-26 00:00:00,0.0073724,-0.052208009,0,0.5,-0.026104005,0.981242106,2.807670609
2024-04-27 00:00:00,0.0072024,-0.023058977,0,0.5,-0.011529488,0.93555669,2.763770115
2024-04-28 00:00:00,0.0072219,0.002707431,0,0.5,0.001353715,0.940797076,2.768865189
2024-04-29 00:00:00,0.0073579,0.018831609,0,0.5,0.009415805,0.977345409,2.804352088
2024-04-30 00:00:00,0.0066672,-0.093871893,0,0.5,-0.046935946,0.791728252,2.625791222
2024-05-01 00:00:00,0.0069879,0.048101152,0,0.5,0.024050576,0.877912445,2.712993589
2024-05-02 00:00:00,0.0075411,0.079165415,1,1,0.039582707,1.026578162,2.859963927
2024-05-03 00:00:00,0.0080717,0.070361088,1,1,0.070361088,1.169170407,3.131555189
2024-05-04 00:00:00,0.0086737,0.074581563,1,1,0.074581563,1.330950525,3.439693031
2024-05-05 00:00:00,0.0085314,-0.016405917,1,1,-0.016405917,1.292709145,3.366855797
2024-05-06 00:00:00,0.0083491,-0.021368122,1,1,-0.021368122,1.243718255,3.273544288
2024-05-07 00:00:00,0.0079026,-0.053478818,1,1,-0.053478818,1.123726855,3.04500019
2024-05-08 00:00:00,0.0079604,0.007314049,1,1,0.007314049,1.139259896,3.074585518
2024-05-09 00:00:00,0.0085376,0.072508919,1,1,0.072508919,1.294375319,3.37002931
2024-05-10 00:00:00,0.0084032,-0.015742129,1,1,-0.015742129,1.258256967,3.301235745
2024-05-11 00:00:00,0.0085075,0.012411938,1,1,0.012411938,1.286286313,3.354622418
2024-05-12 00:00:00,0.0087449,0.02790479,1,1,0.02790479,1.350084652,3.476137241
2024-05-13 00:00:00,0.0099128,0.133552128,1,1,0.133552128,1.663943458,4.073934893
2024-05-14 00:00:00,0.0105653,0.065823985,1,1,0.065823985,1.839294832,4.407921508
2024-05-15 00:00:00,0.010501,-0.006085961,1,1,-0.006085961,1.822014996,4.37500911
2024-05-16 00:00:00,0.0100336,-0.044510047,1,1,-0.044510047,1.696406976,4.135767204
2024-05-17 00:00:00,0.010165,0.013095997,1,1,0.013095997,1.731719115,4.203025198
2024-05-18 00:00:00,0.0095332,-0.062154452,1,1,-0.062154452,1.561930612,3.879634021
2024-05-19 00:00:00,0.0091465,-0.040563504,1,1,-0.040563504,1.458009728,3.681698965
2024-05-20 00:00:00,0.0114217,0.248750888,1,1,0.248750888,2.069441832,4.846275741
2024-05-21 00:00:00,0.0138438,0.212061252,1,1,0.212061252,2.720351509,6.086044293
2024-05-22 00:00:00,0.0133986,-0.0321588,1,1,-0.0321588,2.600709468,5.85816561
2024-05-23 00:00:00,0.0149396,0.115012016,1,1,0.115012016,3.014834323,6.646937064
2024-05-24 00:00:00,0.0141589,-0.052257089,1,1,-0.052257089,2.80503077,6.247330396
2024-05-25 00:00:00,0.0149854,0.058373179,1,1,0.058373179,3.027142512,6.670380109
2024-05-26 00:00:00,0.0160312,0.069787927,1,1,0.069787927,3.308188439,7.205680035
2024-05-27 00:00:00,0.0167245,0.043246919,1,1,0.043246919,3.494504313,7.560550411
2024-05-28 00:00:00,0.0160127,-0.042560316,1,1,-0.042560316,3.303216791,7.196210683
2024-05-29 00:00:00,0.014775,-0.077294897,1,1,-0.077294897,2.970600091,6.562685421
2024-05-30 00:00:00,0.0144263,-0.023600677,1,1,-0.023600677,2.876891242,6.384200926
2024-05-31 00:00:00,0.0154276,0.069407956,1,1,0.069407956,3.14597834,6.896723222
2024-06-01 00:00:00,0.0148707,-0.036097643,1,1,-0.036097643,2.996318293,6.611670125
2024-06-02 00:00:00,0.0146339,-0.015923931,1,1,-0.015923931,2.932681196,6.490462415
2024-06-03 00:00:00,0.0144511,-0.012491544,1,1,-0.012491544,2.883555938,6.396894977
2024-06-04 00:00:00,0.0143723,-0.005452872,1,1,-0.005452872,2.862379404,6.356560655
2024-06-05 00:00:00,0.0145939,0.015418548,1,1,0.015418548,2.921931687,6.46998814
2024-06-06 00:00:00,0.0143598,-0.016040949,1,1,-0.016040949,2.859020182,6.350162444
2024-06-07 00:00:00,0.0127798,-0.110029388,1,1,-0.110029388,2.434414555,5.541428571
2024-06-08 00:00:00,0.0121144,-0.052066543,1,1,-0.052066543,2.255596463,5.200839003
2024-06-09 00:00:00,0.0127512,0.052565542,1,1,0.052565542,2.426728656,5.526789465
2024-06-10 00:00:00,0.0120847,-0.05226959,1,1,-0.05226959,2.247614953,5.185636853
2024-06-11 00:00:00,0.0127355,0.053853219,1,1,0.053853219,2.422509473,5.518753312
2024-06-12 00:00:00,0.0132106,0.037305171,1,1,0.037305171,2.550186773,5.761936516
2024-06-13 00:00:00,0.0119077,-0.098625346,1,1,-0.098625346,2.200048373,5.095038185
2024-06-14 00:00:00,0.0113679,-0.045332012,1,1,-0.045332012,2.054983741,4.818737841
2024-06-15 00:00:00,0.0118436,0.041845899,1,1,0.041845899,2.182822284,5.062228159
2024-06-16 00:00:00,0.0123026,0.038755108,1,1,0.038755108,2.306172906,5.297170468
2024-06-17 00:00:00,0.0111616,-0.092744623,1,1,-0.092744623,1.999543146,4.713141766
2024-06-18 00:00:00,0.0109641,-0.017694596,1,1,-0.017694596,1.946467442,4.612050032
2024-06-19 00:00:00,0.0113449,0.034731533,0,0.5,0.034731533,2.048802773,4.806965132
2024-06-20 00:00:00,0.0109885,-0.031414997,0,0.5,-0.015707499,1.953024643,4.715752236
2024-06-21 00:00:00,0.0114103,0.038385585,0,0.5,0.019192792,2.066378221,4.825453483
2024-06-22 00:00:00,0.0114162,0.000517077,0,0.5,0.000258538,2.067963774,4.826959586
2024-06-23 00:00:00,0.0109077,-0.044541967,0,0.5,-0.022270983,1.931310634,4.697187466
2024-06-24 00:00:00,0.0112922,0.035250328,0,0.5,0.017625164,2.034640295,4.797601329
2024-06-25 00:00:00,0.0128475,0.13773224,0,0.5,0.06886612,2.4526081,5.196859637
2024-06-26 00:00:00,0.0125368,-0.024183693,0,0.5,-0.012091847,2.369111284,5.121928161
2024-06-27 00:00:00,0.0125908,0.004307319,0,0.5,0.00215366,2.383623122,5.13511271
2024-06-28 00:00:00,0.0115759,-0.080606475,0,0.5,-0.040303237,2.110881191,4.887847807
2024-06-29 00:00:00,0.0113062,-0.023298404,0,0.5,-0.011649202,2.038402623,4.819259077
2024-06-30 00:00:00,0.0119235,0.054598362,0,0.5,0.027299181,2.204294429,4.978120084
2024-07-01 00:00:00,0.0114217,-0.042084958,0,0.5,-0.021042479,2.069441832,4.852325617
2024-07-02 00:00:00,0.0113166,-0.009201783,0,0.5,-0.004600891,2.041197495,4.825399703
2024-07-03 00:00:00,0.010243,-0.094869484,0,0.5,-0.047434742,1.752680659,4.549073372
2024-07-04 00:00:00,0.0089254,-0.128634189,0,0.5,-0.064317095,1.398591814,4.192173095
2024-07-05 00:00:00,0.0088814,-0.004929751,0,0.5,-0.002464876,1.386767354,4.179375034
2024-07-06 00:00:00,0.0097271,0.095221474,0,0.5,0.047610737,1.614038859,4.425968897
2024-07-07 00:00:00,0.0084052,-0.135898675,-1,0,-0.067949337,1.258794443,4.057277906
2024-07-08 00:00:00,0.0091432,0.087802789,0,0.5,0,1.457122894,4.057277906
2024-07-09 00:00:00,0.0090815,-0.006748184,0,0.5,-0.003374092,1.440541775,4.040214184
2024-07-10 00:00:00,0.0091949,0.012486924,0,0.5,0.006243462,1.471016635,4.071682569
2024-07-11 00:00:00,0.0088945,-0.032670285,-1,0,-0.016335142,1.390287818,3.988835913
2024-07-12 00:00:00,0.0086816,-0.02393614,-1,0,0,1.333073554,3.988835913
2024-07-13 00:00:00,0.008686,0.000506819,-1,0,0,1.334256,3.988835913
2024-07-14 00:00:00,0.0091998,0.059152659,0,0.5,0,1.47233345,3.988835913
2024-07-15 00:00:00,0.0113159,0.23001587,0,0.5,0.115007935,2.041009379,4.562591629
2024-07-16 00:00:00,0.0123768,0.093753038,1,1,0.046876519,2.326113246,4.82334656
2024-07-17 00:00:00,0.0116862,-0.055797945,1,1,-0.055797945,2.140522964,4.498415792
2024-07-18 00:00:00,0.0116426,-0.003730896,1,1,-0.003730896,2.128805998,4.477901773
2024-07-19 00:00:00,0.0126938,0.090289111,1,1,0.090289111,2.411303109,4.972496652
2024-07-20 00:00:00,0.0122107,-0.03805795,1,1,-0.03805795,2.281475908,4.745195676
2024-07-21 00:00:00,0.0124953,0.023307427,1,1,0.023307427,2.357958668,4.879101406
2024-07-22 00:00:00,0.0118821,-0.049074452,1,1,-0.049074452,2.193168687,4.590587726
2024-07-23 00:00:00,0.0125261,0.054199174,1,1,0.054199174,2.36623579,4.89359296
2024-07-24 00:00:00,0.0122001,-0.026025658,1,1,-0.026025658,2.278627288,4.740208323
2024-07-25 00:00:00,0.0114723,-0.059655249,0,0.5,-0.059655249,2.083039961,4.397774768
2024-07-26 00:00:00,0.0120225,0.047958997,0,0.5,0.023979498,2.230899465,4.527210699
2024-07-27 00:00:00,0.0119053,-0.009748388,0,0.5,-0.004874194,2.199403402,4.500270001
2024-07-28 00:00:00,0.0117397,-0.013909771,1,1,-0.006954886,2.154900433,4.462016252
2024-07-29 00:00:00,0.0117893,0.00422498,1,1,0.00422498,2.168229825,4.485093163
2024-07-30 00:00:00,0.0113012,-0.041401949,0,0.5,-0.041401949,2.037058934,4.257999614
2024-07-31 00:00:00,0.0110435,-0.022802888,0,0.5,-0.011401444,1.967805219,4.198050825
2024-08-01 00:00:00,0.0105152,-0.047838095,0,0.5,-0.023919047,1.825831071,4.073718401
2024-08-02 00:00:00,0.0093223,-0.113445298,0,0.5,-0.056722649,1.505253823,3.785923653
2024-08-03 00:00:00,0.0086116,-0.076236551,0,0.5,-0.038118276,1.314261912,3.603492496
2024-08-04 00:00:00,0.0080928,-0.060244322,0,0.5,-0.030122161,1.174840773,3.464825355
2024-08-05 00:00:00,0.007045,-0.129473112,-1,0,-0.064736556,0.89325737,3.175787938
2024-08-06 00:00:00,0.0077358,0.098055358,-1,0,0,1.0789014,3.175787938
2024-08-07 00:00:00,0.0073654,-0.047881279,0,0.5,0,0.979360942,3.175787938
2024-08-08 00:00:00,0.0087631,0.189765661,0,0.5,0.094882831,1.354975679,3.571998518
2024-08-09 00:00:00,0.0085192,-0.027832616,0,0.5,-0.013916308,1.289430545,3.508373178
2024-08-10 00:00:00,0.008428,-0.010705231,0,0.5,-0.005352615,1.264921663,3.48424159
2024-08-11 00:00:00,0.007718,-0.084243,0,0.5,-0.0421215,1.074117868,3.295358609
2024-08-12 00:00:00,0.0082245,0.06562581,0,0.5,0.032812905,1.210233533,3.436301803
2024-08-13 00:00:00,0.0081801,-0.005398504,0,0.5,-0.002699252,1.198301577,3.424327105
2024-08-14 00:00:00,0.0080066,-0.02121001,0,0.5,-0.010605005,1.15167558,3.377407095
2024-08-15 00:00:00,0.0074418,-0.070541803,0,0.5,-0.035270902,0.999892505,3.223012
2024-08-16 00:00:00,0.0071743,-0.035945605,0,0.5,-0.017972802,0.92800516,3.147112641
2024-08-17 00:00:00,0.0074807,0.042707999,0,0.5,0.021354,1.010346403,3.235670083
2024-08-18 00:00:00,0.007288,-0.025759621,0,0.5,-0.012879811,0.958560641,3.181115454
2024-08-19 00:00:00,0.0076795,0.053718441,0,0.5,0.026859221,1.063771465,3.293416956
2024-08-20 00:00:00,0.007753,0.009570936,0,0.5,0.004785468,1.083523689,3.313962965
2024-08-21 00:00:00,0.0079182,0.021307881,0,0.5,0.01065394,1.127919164,3.359923669
2024-08-22 00:00:00,0.0079815,0.007994241,0,0.5,0.003997121,1.144930263,3.37735081
2024-08-23 00:00:00,0.0090782,0.13740525,0,0.5,0.068702625,1.439654941,3.6780863
2024-08-24 00:00:00,0.0094873,0.045063999,0,0.5,0.022532,1.54959555,3.78349294
2024-08-25 00:00:00,0.0091357,-0.03706007,0,0.5,-0.018530035,1.455107361,3.694854649
2024-08-26 00:00:00,0.0085181,-0.06760292,0,0.5,-0.03380146,1.289134933,3.536161706
2024-08-27 00:00:00,0.0076345,-0.103732053,0,0.5,-0.051866026,1.051678267,3.300889023
2024-08-28 00:00:00,0.0076822,0.006247953,0,0.5,0.003123977,1.064497057,3.3143249
2024-08-29 00:00:00,0.0076393,-0.005584338,0,0.5,-0.002792169,1.052968208,3.302278576
2024-08-30 00:00:00,0.0077612,0.015956959,0,0.5,0.00797848,1.085727339,3.336604218
2024-08-31 00:00:00,0.0075945,-0.021478637,-1,0,-0.010739319,1.040928758,3.290032044
2024-09-01 00:00:00,0.00713,-0.061162684,-1,0,0,0.916100078,3.290032044
2024-09-02 00:00:00,0.0076118,0.067573633,-1,0,0,1.045577921,3.290032044
2024-09-03 00:00:00,0.0072643,-0.045652802,-1,0,0,0.952191556,3.290032044
2024-09-04 00:00:00,0.0073527,0.012169101,0,0.5,0,0.975947972,3.290032044
2024-09-05 00:00:00,0.0071016,-0.03415072,-1,0,-0.01707536,0.908467926,3.216778202
2024-09-06 00:00:00,0.0066368,-0.065450039,-1,0,0,0.783558625,3.216778202
2024-09-07 00:00:00,0.006761,0.018713838,-1,0,0,0.816935852,3.216778202
2024-09-08 00:00:00,0.0070707,0.045806833,-1,0,0,0.90016393,3.216778202
2024-09-09 00:00:00,0.0073889,0.045002616,-1,0,0,0.985676279,3.216778202
2024-09-10 00:00:00,0.0074625,0.009960887,-1,0,0,1.005455376,3.216778202
2024-09-11 00:00:00,0.0072337,-0.030659966,-1,0,0,0.943968181,3.216778202
2024-09-12 00:00:00,0.0074129,0.024772938,-1,0,0,0.992125984,3.216778202
2024-09-13 00:00:00,0.0079064,0.066573136,-1,0,0,1.124748058,3.216778202
2024-09-14 00:00:00,0.0077545,-0.019212284,0,0.5,0,1.083926796,3.216778202
2024-09-15 00:00:00,0.0073495,-0.052227739,0,0.5,-0.026113869,0.975088012,3.106661807
2024-09-16 00:00:00,0.0071946,-0.021076264,-1,0,-0.010538132,0.933460536,3.063385263
2024-09-17 00:00:00,0.0073192,0.017318544,0,0.5,0,0.966945258,3.063385263
2024-09-18 00:00:00,0.007528,0.028527708,-1,0,0.014263854,1.023057698,3.121344797
2024-09-19 00:00:00,0.0079502,0.056083953,0,0.5,0,1.136518771,3.121344797
2024-09-20 00:00:00,0.0082411,0.036590274,0,0.5,0.018295137,1.21469458,3.196745366
2024-09-21 00:00:00,0.0084089,0.02036136,0,0.5,0.01018068,1.259788772,3.239471087
2024-09-22 00:00:00,0.0080046,-0.04808001,-1,0,-0.024040005,1.151138104,3.137554179
2024-09-23 00:00:00,0.0081273,0.015328686,-1,0,0,1.184112225,3.137554179
2024-09-24 00:00:00,0.0085892,0.056833143,-1,0,0,1.308242186,3.137554179
2024-09-25 00:00:00,0.0084426,-0.017067946,-1,0,0,1.268845234,3.137554179
2024-09-26 00:00:00,0.0095147,0.126986947,0,0.5,0,1.556958964,3.137554179
2024-09-27 00:00:00,0.0107021,0.124796368,0,0.5,0.062398184,1.876058155,3.395730046
2024-09-28 00:00:00,0.0113806,0.063398772,0,0.5,0.031699386,2.058396711,3.53507199
2024-09-29 00:00:00,0.0112783,-0.008988981,0,0.5,-0.004494491,2.03090484,3.514689151
2024-09-30 00:00:00,0.0104665,-0.071978933,0,0.5,-0.035989466,1.812743544,3.352207897
2024-10-01 00:00:00,0.0096949,-0.073720919,0,0.5,-0.03686046,1.605385504,3.191783514
2024-10-02 00:00:00,0.0092371,-0.047220704,0,0.5,-0.023610352,1.482357367,3.09281403
2024-10-03 00:00:00,0.0086294,-0.065789046,0,0.5,-0.032894523,1.319045444,2.958182865
2024-10-04 00:00:00,0.0093878,0.0878856,0,0.5,0.0439428,1.522856145,3.132116503
2024-10-05 00:00:00,0.0093487,-0.00416498,0,0.5,-0.00208249,1.512348499,3.123511412
2024-10-06 00:00:00,0.010231,0.094376758,0,0.5,0.047188379,1.749455806,3.318093232
2024-10-07 00:00:00,0.0097996,-0.042165966,0,0.5,-0.021082983,1.633522346,3.227054945
2024-10-08 00:00:00,0.0095008,-0.03049104,0,0.5,-0.01524552,1.553223509,3.162611293
2024-10-09 00:00:00,0.0091084,-0.041301785,0,0.5,-0.020650893,1.44777082,3.076649655
2024-10-10 00:00:00,0.0092899,0.019926661,0,0.5,0.009963331,1.49654672,3.117266663
2024-10-11 00:00:00,0.009744,0.048881043,0,0.5,0.024440521,1.618580527,3.217894807
2024-10-12 00:00:00,0.0098956,0.015558292,0,0.5,0.007779146,1.659321168,3.250706427
2024-10-13 00:00:00,0.009696,-0.020170581,0,0.5,-0.01008529,1.605681116,3.207836818
2024-10-14 00:00:00,0.0109079,0.124989686,0,0.5,0.062494843,1.931364382,3.470804921
2024-10-15 00:00:00,0.0103876,-0.047699374,0,0.5,-0.023849687,1.791540136,3.364177623
2024-10-16 00:00:00,0.0104432,0.005352536,0,0.5,0.002676268,1.806481954,3.375857331
2024-10-17 00:00:00,0.0098773,-0.054188371,0,0.5,-0.027094186,1.654403268,3.25729704
2024-10-18 00:00:00,0.0105059,0.063640874,0,0.5,0.031820437,1.82333181,3.392766091
2024-10-19 00:00:00,0.0104882,-0.001684768,0,0.5,-0.000842384,1.818575153,3.389065696
2024-10-20 00:00:00,0.0106932,0.019545775,0,0.5,0.009772888,1.873666389,3.431959542
2024-10-21 00:00:00,0.0101726,-0.048685146,0,0.5,-0.024342573,1.733761522,3.324074244
2024-10-22 00:00:00,0.0100746,-0.009633722,0,0.5,-0.004816861,1.707425224,3.30324578
2024-10-23 00:00:00,0.009806,-0.026661108,0,0.5,-0.013330554,1.635242267,3.245881129
2024-10-24 00:00:00,0.0099932,0.019090353,0,0.5,0.009545176,1.685549972,3.286408814
2024-10-25 00:00:00,0.0087774,-0.121662731,0,0.5,-0.060831365,1.358818629,3.025660713
2024-10-26 00:00:00,0.0090684,0.033153326,-1,0,0.016576663,1.437021311,3.092392733
2024-10-27 00:00:00,0.0091633,0.010464911,-1,0,0,1.462524522,3.092392733
2024-10-28 00:00:00,0.0091729,0.001047658,-1,0,0,1.465104405,3.092392733
2024-10-29 00:00:00,0.0096774,0.054998964,-1,0,0,1.600682594,3.092392733
2024-10-30 00:00:00,0.0096384,-0.004030008,-1,0,0,1.590201822,3.092392733
2024-10-31 00:00:00,0.0091156,-0.054241368,-1,0,0,1.449705732,3.092392733
2024-11-01 00:00:00,0.0088826,-0.025560577,-1,0,0,1.387089839,3.092392733
2024-11-02 00:00:00,0.0087146,-0.018913381,0,0.5,0,1.341941899,3.092392733
2024-11-03 00:00:00,0.0081725,-0.062205953,-1,0,-0.031102977,1.196259171,2.965107138
2024-11-04 00:00:00,0.007915,-0.031508106,-1,0,0,1.127059203,2.965107138
2024-11-05 00:00:00,0.0085603,0.081528743,-1,0,0,1.300475666,2.965107138
2024-11-06 00:00:00,0.009901,0.156618343,1,1,0,1.660772352,2.965107138
2024-11-07 00:00:00,0.0110044,0.111443289,1,1,0.111443289,1.957297573,3.406991717
2024-11-08 00:00:00,0.0107748,-0.020864382,1,1,-0.020864382,1.895595388,3.31504256
2024-11-09 00:00:00,0.0112065,0.040065709,1,1,0.040065709,2.01160947,3.487927799
2024-11-10 00:00:00,0.0123271,0.099995538,1,1,0.099995538,2.31275698,3.936700555
2024-11-11 00:00:00,0.0130032,0.054846639,1,1,0.054846639,2.494450566,4.207461987
2024-11-12 00:00:00,0.0141371,0.087201612,1,1,0.087201612,2.799172288,4.661561066
2024-11-13 00:00:00,0.0208289,0.473350263,1,1,0.473350263,4.597511489,7.341462485
2024-11-14 00:00:00,0.020676,-0.007340762,1,1,-0.007340762,4.556421488,7.280229793
2024-11-15 00:00:00,0.0233469,0.129178758,1,1,0.129178758,5.274193115,8.349859593
2024-11-16 00:00:00,0.0213071,-0.087369201,1,1,-0.087369201,4.726021875,7.532969831
2024-11-17 00:00:00,0.0212312,-0.003562193,1,1,-0.003562193,4.705624681,7.502573746
2024-11-18 00:00:00,0.0204929,-0.034774294,1,1,-0.034774294,4.507215608,7.206902744
2024-11-19 00:00:00,0.0196889,-0.0392331,1,1,-0.0392331,4.291150466,6.884920505
2024-11-20 00:00:00,0.018772,-0.046569387,1,1,-0.046569387,4.044744834,6.517724592
2024-11-21 00:00:00,0.0207068,0.1030684,1,1,0.1030684,4.564698611,7.292564436
2024-11-22 00:00:00,0.0206619,-0.00216837,1,1,-0.00216837,4.552632286,7.27458309
2024-11-23 00:00:00,0.0205023,-0.007724362,1,1,-0.007724362,4.509741743,7.210667212
2024-11-24 00:00:00,0.02022,-0.013769187,1,1,-0.013769187,4.433877079,7.097613001
2024-11-25 00:00:00,0.0189944,-0.060613254,1,1,-0.060613254,4.104512107,6.606790326
2024-11-26 00:00:00,0.0182877,-0.037205703,1,1,-0.037205703,3.914595147,6.323774346
2024-11-27 00:00:00,0.0197513,0.080031934,1,1,0.080031934,4.307919701,6.909910172
2024-11-28 00:00:00,0.0198704,0.006029983,1,1,0.006029983,4.339926366,6.957606794
2024-11-29 00:00:00,0.0204853,0.030945527,1,1,0.030945527,4.505173201,7.20385913
2024-11-30 00:00:00,0.020204,-0.013731798,1,1,-0.013731798,4.429577276,7.091205395
2024-12-01 00:00:00,0.0222801,0.10275688,1,1,0.10275688,4.987503695,7.922632415
2024-12-02 00:00:00,0.0204426,-0.0824727,1,1,-0.0824727,4.4936981,7.18675883
2024-12-03 00:00:00,0.0202737,-0.008262158,1,1,-0.008262158,4.448308296,7.119118531
2024-12-04 00:00:00,0.0218187,0.076207106,1,1,0.076207106,4.863508102,7.737853056
2024-12-05 00:00:00,0.0212024,-0.028246412,1,1,-0.028246412,4.697885034,7.491040054
2024-12-06 00:00:00,0.0215625,0.016983926,1,1,0.016983926,4.794657494,7.635251253
2024-12-07 00:00:00,0.0249312,0.156229565,1,1,0.156229565,5.699954315,8.984332802
2024-12-08 00:00:00,0.0264459,0.060755198,1,1,0.060755198,6.107011368,9.590932921
2024-12-09 00:00:00,0.0264932,0.001788557,1,1,0.001788557,6.119722663,9.609875409
2024-12-10 00:00:00,0.0234776,-0.113825434,1,1,-0.113825434,5.309317137,8.402201731
2024-12-11 00:00:00,0.0251263,0.070224384,1,1,0.070224384,5.752385047,9.062465557
2024-12-12 00:00:00,0.0236308,-0.059519308,1,1,-0.059519308,5.350487759,8.463554565
2024-12-13 00:00:00,0.0247535,0.047510029,1,1,0.047510029,5.652199618,8.91316832
2024-12-14 00:00:00,0.0233166,-0.058048357,1,1,-0.058048357,5.266050361,8.337725188
2024-12-15 00:00:00,0.0241625,0.036278874,1,1,0.036278874,5.493375615,8.676487346
2024-12-16 00:00:00,0.0234483,-0.0295582,1,1,-0.0295582,5.301443122,8.390467801
2024-12-17 00:00:00,0.0224325,-0.043320838,1,1,-0.043320838,5.028459327,7.983664869
2024-12-18 00:00:00,0.0194236,-0.134131283,0,0.5,-0.134131283,4.219854344,6.778674376
2024-12-19 00:00:00,0.0170456,-0.122428386,0,0.5,-0.061214193,3.580796001,6.302509102
2024-12-20 00:00:00,0.0176697,0.036613554,0,0.5,0.018306777,3.748515224,6.436194508
2024-12-21 00:00:00,0.0174111,-0.014635223,0,0.5,-0.007317612,3.679019645,6.381779326
2024-12-22 00:00:00,0.0178433,0.024823245,0,0.5,0.012411622,3.795168095,6.473399184
2024-12-23 00:00:00,0.0184704,0.035144844,0,0.5,0.017572422,3.963693531,6.604724909
2024-12-24 00:00:00,0.0192463,0.042007753,0,0.5,0.021003876,4.172207143,6.764453612
2024-12-25 00:00:00,0.0185243,-0.037513704,0,0.5,-0.018756852,3.978178496,6.618816905
2024-12-26 00:00:00,0.0173837,-0.061573177,0,0.5,-0.030786588,3.671656231,6.384259524
2024-12-27 00:00:00,0.01788,0.028549733,0,0.5,0.014274867,3.80503077,6.489668845
2024-12-28 00:00:00,0.018759,0.049161074,0,0.5,0.024580537,4.041251243,6.673768926
2024-12-29 00:00:00,0.0178836,-0.046665601,0,0.5,-0.0233328,3.805998226,6.494718408
2024-12-30 00:00:00,0.0184498,0.031660292,0,0.5,0.015830146,3.958157534,6.613360896
2024-12-31 00:00:00,0.0199604,0.081876226,0,0.5,0.040938113,4.364112762,6.925037525
2025-01-01 00:00:00,0.0193718,-0.029488387,0,0.5,-0.014744194,4.205933729,6.808189239
2025-01-02 00:00:00,0.0204763,0.057015868,1,1,0.028507934,4.502754562,7.030784584
2025-01-03 00:00:00,0.0215902,0.054399476,0,0.5,0.054399476,4.802101529,7.467655061
2025-01-04 00:00:00,0.0211314,-0.021250382,0,0.5,-0.010625191,4.678804655,7.377684608
2025-01-05 00:00:00,0.020704,-0.020225825,0,0.5,-0.010112913,4.563946145,7.292961816
2025-01-06 00:00:00,0.0207718,0.00327473,0,0.5,0.001637365,4.582166564,7.30654042
2025-01-07 00:00:00,0.0206639,-0.005194543,0,0.5,-0.002597271,4.553169762,7.28496608