date,close_price_ARBUSDT,return_ARBUSDT,signal_ARBUSDT,position_ARBUSDT,signal_return_ARBUSDT,cum_return_ARBUSDT,cum_signal_return_ARBUSDT
2023-03-23 00:00:00,1.3229,,0,0.5,,,
2023-03-24 00:00:00,1.2725,-0.038098118,0,0.5,-0.019049059,-0.038098118,-0.019049059
2023-03-25 00:00:00,1.218,-0.042829077,0,0.5,-0.021414538,-0.079295487,-0.04005567
2023-03-26 00:00:00,1.2816,0.052216749,0,0.5,0.026108374,-0.031219291,-0.014993084
2023-03-27 00:00:00,1.1645,-0.091370162,0,0.5,-0.045685081,-0.119736942,-0.059993205
2023-03-28 00:00:00,1.2202,0.047831687,0,0.5,0.023915844,-0.077632474,-0.03751215
2023-03-29 00:00:00,1.2252,0.004097689,0,0.5,0.002048844,-0.073852899,-0.035540162
2023-03-30 00:00:00,1.3798,0.12618348,0,0.5,0.06309174,0.043011566,0.025309288
2023-03-31 00:00:00,1.3899,0.007319901,0,0.5,0.003659951,0.050646307,0.029061869
2023-04-01 00:00:00,1.2928,-0.069861141,0,0.5,-0.034930571,-0.022753043,-0.006883849
2023-04-02 00:00:00,1.2004,-0.071472772,0,0.5,-0.035736386,-0.092599592,-0.042374231
2023-04-03 00:00:00,1.1521,-0.040236588,0,0.5,-0.020118294,-0.129110288,-0.061640028
2023-04-04 00:00:00,1.2337,0.070827185,0,0.5,0.035413593,-0.067427621,-0.02840933
2023-04-05 00:00:00,1.2418,0.006565616,0,0.5,0.003282808,-0.061304709,-0.025219785
2023-04-06 00:00:00,1.2145,-0.021984216,0,0.5,-0.010992108,-0.08194119,-0.035934674
2023-04-07 00:00:00,1.1963,-0.014985591,0,0.5,-0.007492795,-0.095698843,-0.043158219
2023-04-08 00:00:00,1.1615,-0.029089693,0,0.5,-0.014544847,-0.122004687,-0.057075336
2023-04-09 00:00:00,1.1809,0.01670254,0,0.5,0.00835127,-0.107339935,-0.049200717
2023-04-10 00:00:00,1.2421,0.051824879,0,0.5,0.02591244,-0.061077935,-0.024563188
2023-04-11 00:00:00,1.2164,-0.020690766,0,0.5,-0.010345383,-0.080504951,-0.034654455
2023-04-12 00:00:00,1.1929,-0.019319303,0,0.5,-0.009659651,-0.098268955,-0.043979357
2023-04-13 00:00:00,1.3686,0.147288121,0,0.5,0.073644061,0.034545317,0.026425885
2023-04-14 00:00:00,1.6984,0.24097618,0,0.5,0.12048809,0.283846096,0.15009798
2023-04-15 00:00:00,1.6548,-0.02567122,0,0.5,-0.01283561,0.2508882,0.135335771
2023-04-16 00:00:00,1.6969,0.025441141,0,0.5,0.01272057,0.282712223,0.149777889
2023-04-17 00:00:00,1.61,-0.051211032,0,0.5,-0.025605516,0.217023207,0.120337233
2023-04-18 00:00:00,1.6739,0.039689441,0,0.5,0.01984472,0.265326177,0.142570013
2023-04-19 00:00:00,1.4882,-0.110938527,0,0.5,-0.055469263,0.124952755,0.079192496
2023-04-20 00:00:00,1.4416,-0.031312996,0,0.5,-0.015656498,0.089727115,0.062296121
2023-04-21 00:00:00,1.4709,0.020324639,0,0.5,0.01016232,0.111875425,0.073091513
2023-04-22 00:00:00,1.4643,-0.004487049,0,0.5,-0.002243524,0.106886386,0.070684006
2023-04-23 00:00:00,1.3396,-0.085160145,0,0.5,-0.042580072,0.012623781,0.025094204
2023-04-24 00:00:00,1.3376,-0.001492983,0,0.5,-0.000746491,0.011111951,0.02432898
2023-04-25 00:00:00,1.3787,0.030726675,0,0.5,0.015363337,0.042180059,0.040066091
2023-04-26 00:00:00,1.3834,0.003409008,0,0.5,0.001704504,0.04573286,0.041838889
2023-04-27 00:00:00,1.4226,0.028335984,0,0.5,0.014167992,0.075364729,0.056599653
2023-04-28 00:00:00,1.3795,-0.03029664,0,0.5,-0.01514832,0.042784791,0.040593944
2023-04-29 00:00:00,1.3668,-0.009206234,0,0.5,-0.004603117,0.03318467,0.035803968
2023-04-30 00:00:00,1.3673,0.000365818,0,0.5,0.000182909,0.033562628,0.035993426
2023-05-01 00:00:00,1.3179,-0.036129598,0,0.5,-0.018064799,-0.003779575,0.017278413
2023-05-02 00:00:00,1.3477,0.022611731,0,0.5,0.011305865,0.018746693,0.028779625
2023-05-03 00:00:00,1.342,-0.004229428,0,0.5,-0.002114714,0.014437977,0.026604051
2023-05-04 00:00:00,1.3181,-0.01780924,0,0.5,-0.00890462,-0.003628392,0.017462532
2023-05-05 00:00:00,1.3552,0.028146575,0,0.5,0.014073287,0.024416056,0.031781574
2023-05-06 00:00:00,1.2389,-0.085817591,0,0.5,-0.042908796,-0.063496863,-0.01249093
2023-05-07 00:00:00,1.2189,-0.016143353,0,0.5,-0.008071676,-0.078615164,-0.020461784
2023-05-08 00:00:00,1.0939,-0.102551481,0,0.5,-0.05127574,-0.173104543,-0.070688331
2023-05-09 00:00:00,1.1024,0.007770363,0,0.5,0.003885181,-0.166679265,-0.067077787
2023-05-10 00:00:00,1.1699,0.061230044,0,0.5,0.030615022,-0.115655,-0.038516353
2023-05-11 00:00:00,1.0881,-0.069920506,0,0.5,-0.034960253,-0.17748885,-0.072130065
2023-05-12 00:00:00,1.1713,0.07646356,0,0.5,0.03823178,-0.114596719,-0.036655945
2023-05-13 00:00:00,1.1691,-0.001878255,0,0.5,-0.000939127,-0.116259732,-0.037560648
2023-05-14 00:00:00,1.1699,0.000684287,0,0.5,0.000342144,-0.115655,-0.037231356
2023-05-15 00:00:00,1.1878,0.015300453,0,0.5,0.007650227,-0.102124121,-0.029865958
2023-05-16 00:00:00,1.1796,-0.006903519,0,0.5,-0.00345176,-0.108322625,-0.033214627
2023-05-17 00:00:00,1.1979,0.015513733,0,0.5,0.007756867,-0.094489379,-0.025715402
2023-05-18 00:00:00,1.1551,-0.035729193,0,0.5,-0.017864596,-0.126842543,-0.043120603
2023-05-19 00:00:00,1.1628,0.00666609,0,0.5,0.003333045,-0.121021997,-0.039931281
2023-05-20 00:00:00,1.1631,0.000257998,0,0.5,0.000128999,-0.120795223,-0.039807433
2023-05-21 00:00:00,1.1267,-0.031295675,0,0.5,-0.015647838,-0.14831053,-0.05483237
2023-05-22 00:00:00,1.125,-0.001508831,0,0.5,-0.000754416,-0.149595585,-0.05554542
2023-05-23 00:00:00,1.1663,0.036711111,0,0.5,0.018355556,-0.118376295,-0.038209431
2023-05-24 00:00:00,1.1086,-0.049472691,0,0.5,-0.024736346,-0.161992592,-0.062000615
2023-05-25 00:00:00,1.106,-0.0023453,0,0.5,-0.00117265,-0.163957971,-0.06310056
2023-05-26 00:00:00,1.1572,0.046292948,0,0.5,0.023146474,-0.125255121,-0.041414642
2023-05-27 00:00:00,1.1714,0.012270999,0,0.5,0.006135499,-0.114521128,-0.035533242
2023-05-28 00:00:00,1.2473,0.064794263,0,0.5,0.032397132,-0.057147177,-0.004287285
2023-05-29 00:00:00,1.2259,-0.017157059,0,0.5,-0.00857853,-0.073323758,-0.012829036
2023-05-30 00:00:00,1.2174,-0.006933681,0,0.5,-0.003466841,-0.079749036,-0.016251401
2023-05-31 00:00:00,1.1599,-0.047231805,0,0.5,-0.023615903,-0.123214151,-0.039483512
2023-06-01 00:00:00,1.1453,-0.012587292,0,0.5,-0.006293646,-0.13425051,-0.045528663
2023-06-02 00:00:00,1.2403,0.082947699,0,0.5,0.04147385,-0.062438582,-0.005943062
2023-06-03 00:00:00,1.2152,-0.020237039,0,0.5,-0.01011852,-0.081412049,-0.016001447
2023-06-04 00:00:00,1.2063,-0.007323897,0,0.5,-0.003661949,-0.088139693,-0.019604799
2023-06-05 00:00:00,1.1347,-0.059355053,0,0.5,-0.029677526,-0.14226321,-0.048700503
2023-06-06 00:00:00,1.1889,0.047765929,0,0.5,0.023882965,-0.101292615,-0.025980651
2023-06-07 00:00:00,1.1252,-0.053578939,0,0.5,-0.026789469,-0.149444402,-0.052074113
2023-06-08 00:00:00,1.1279,0.002399573,0,0.5,0.001199787,-0.147403432,-0.050936804
2023-06-09 00:00:00,1.131,0.002748471,0,0.5,0.001374235,-0.145060095,-0.049632568
2023-06-10 00:00:00,0.9924,-0.122546419,0,0.5,-0.06127321,-0.249829919,-0.10786463
2023-06-11 00:00:00,0.9914,-0.001007658,0,0.5,-0.000503829,-0.250585834,-0.108314114
2023-06-12 00:00:00,0.9782,-0.013314505,0,0.5,-0.006657252,-0.260563913,-0.114250292
2023-06-13 00:00:00,0.9925,0.014618687,0,0.5,0.007309344,-0.249754328,-0.107776043
2023-06-14 00:00:00,0.9412,-0.051687657,0,0.5,-0.025843829,-0.288532769,-0.130834526
2023-06-15 00:00:00,0.9496,0.008924777,0,0.5,0.004462388,-0.282183083,-0.126955972
2023-06-16 00:00:00,0.9749,0.026642797,0,0.5,0.013321398,-0.263058432,-0.115325805
2023-06-17 00:00:00,0.9937,0.019284029,0,0.5,0.009642015,-0.24884723,-0.106795763
2023-06-18 00:00:00,0.9938,0.000100634,0,0.5,5.0317E-05,-0.248771638,-0.10675082
2023-06-19 00:00:00,1.0069,0.013181727,0,0.5,0.006590863,-0.238869151,-0.100863537
2023-06-20 00:00:00,1.083,0.075578508,0,0.5,0.037789254,-0.181344017,-0.06688584
2023-06-21 00:00:00,1.1402,0.052816251,0,0.5,0.026408126,-0.138105677,-0.042244045
2023-06-22 00:00:00,1.0868,-0.046833889,0,0.5,-0.023416944,-0.17847154,-0.064671763
2023-06-23 00:00:00,1.1345,0.04389032,0,0.5,0.02194516,-0.142414393,-0.044145835
2023-06-24 00:00:00,1.0793,-0.048655796,0,0.5,-0.024327898,-0.184140903,-0.067399757
2023-06-25 00:00:00,1.1129,0.031131289,0,0.5,0.015565644,-0.158742157,-0.052883233
2023-06-26 00:00:00,1.139,0.023452242,0,0.5,0.011726121,-0.139012775,-0.041777227
2023-06-27 00:00:00,1.2061,0.058911326,0,0.5,0.029455663,-0.088290876,-0.013552141
2023-06-28 00:00:00,1.1204,-0.071055468,0,0.5,-0.035527734,-0.153072795,-0.048598398
2023-06-29 00:00:00,1.1287,0.007408069,0,0.5,0.003704034,-0.1467987,-0.045074374
2023-06-30 00:00:00,1.1635,0.030831931,0,0.5,0.015415965,-0.120492857,-0.030353273
2023-07-01 00:00:00,1.1512,-0.010571551,0,0.5,-0.005285776,-0.129790612,-0.035478608
2023-07-02 00:00:00,1.1509,-0.000260598,0,0.5,-0.000130299,-0.130017386,-0.035604284
2023-07-03 00:00:00,1.1689,0.015639934,0,0.5,0.007819967,-0.116410915,-0.028062742
2023-07-04 00:00:00,1.148,-0.017880058,0,0.5,-0.008940029,-0.13220954,-0.036751889
2023-07-05 00:00:00,1.1112,-0.032055749,0,0.5,-0.016027875,-0.160027213,-0.052190709
2023-07-06 00:00:00,1.0674,-0.039416847,0,0.5,-0.019708423,-0.193136291,-0.070870536
2023-07-07 00:00:00,1.1312,0.059771407,0,0.5,0.029885704,-0.144908912,-0.043102848
2023-07-08 00:00:00,1.1241,-0.006276521,0,0.5,-0.00313826,-0.150275909,-0.04610584
2023-07-09 00:00:00,1.124,-8.89601E-05,0,0.5,-4.448E-05,-0.1503515,-0.046148269
2023-07-10 00:00:00,1.1189,-0.004537367,0,0.5,-0.002268683,-0.154206667,-0.048312257
2023-07-11 00:00:00,1.1267,0.006971132,0,0.5,0.003485566,-0.14831053,-0.044995086
2023-07-12 00:00:00,1.1212,-0.004881512,0,0.5,-0.002440756,-0.152468063,-0.047326021
2023-07-13 00:00:00,1.2243,0.091955048,0,0.5,0.045977524,-0.074533222,-0.00352443
2023-07-14 00:00:00,1.2144,-0.008086253,0,0.5,-0.004043127,-0.082016781,-0.007553307
2023-07-15 00:00:00,1.271,0.046607378,0,0.5,0.023303689,-0.03923199,0.015574363
2023-07-16 00:00:00,1.2707,-0.000236035,0,0.5,-0.000118017,-0.039458765,0.015454507
2023-07-17 00:00:00,1.3045,0.026599512,0,0.5,0.013299756,-0.013908837,0.028959804
2023-07-18 00:00:00,1.2444,-0.046071292,0,0.5,-0.023035646,-0.05933933,0.005257051
2023-07-19 00:00:00,1.2659,0.017277403,0,0.5,0.008638701,-0.043087157,0.013941166
2023-07-20 00:00:00,1.2608,-0.004028754,0,0.5,-0.002014377,-0.046942324,0.011898706
2023-07-21 00:00:00,1.2327,-0.022287437,0,0.5,-0.011143718,-0.068183536,0.000622392
2023-07-22 00:00:00,1.2252,-0.006084205,0,0.5,-0.003042103,-0.073852899,-0.002421604
2023-07-23 00:00:00,1.2506,0.020731309,1,1,0.010365655,-0.054652657,0.007918949
2023-07-24 00:00:00,1.1856,-0.051975052,0,0.5,-0.051975052,-0.103787134,-0.044467691
2023-07-25 00:00:00,1.168,-0.014844804,1,1,-0.007422402,-0.117091239,-0.051560036
2023-07-26 00:00:00,1.1969,0.024743151,0,0.5,0.024743151,-0.095245294,-0.028092643
2023-07-27 00:00:00,1.1723,-0.020553095,-1,0,-0.010276548,-0.113840804,-0.038080495
2023-07-28 00:00:00,1.173,0.000597117,0,0.5,0,-0.113311664,-0.038080495
2023-07-29 00:00:00,1.1815,0.007246377,0,0.5,0.003623188,-0.106886386,-0.034595279
2023-07-30 00:00:00,1.1575,-0.020313161,-1,0,-0.010156581,-0.125028347,-0.04440049
2023-07-31 00:00:00,1.1689,0.009848812,0,0.5,0,-0.116410915,-0.04440049
2023-08-01 00:00:00,1.1621,-0.005817435,1,1,-0.002908718,-0.121551138,-0.047180059
2023-08-02 00:00:00,1.1327,-0.025299028,-1,0,-0.025299028,-0.14377504,-0.071285477
2023-08-03 00:00:00,1.1286,-0.00361967,-1,0,0,-0.146874291,-0.071285477
2023-08-04 00:00:00,1.1572,0.025341131,0,0.5,0,-0.125255121,-0.071285477
2023-08-05 00:00:00,1.1367,-0.017715175,0,0.5,-0.008857587,-0.14075138,-0.079511647
2023-08-06 00:00:00,1.138,0.001143661,0,0.5,0.000571831,-0.13976869,-0.078985284
2023-08-07 00:00:00,1.1342,-0.003339192,0,0.5,-0.001669596,-0.142641167,-0.080523006
2023-08-08 00:00:00,1.1594,0.022218304,0,0.5,0.011109152,-0.123592108,-0.070308397
2023-08-09 00:00:00,1.1761,0.014404002,0,0.5,0.007202001,-0.110968327,-0.063612757
2023-08-10 00:00:00,1.1598,-0.013859366,0,0.5,-0.006929683,-0.123289742,-0.070101623
2023-08-11 00:00:00,1.1585,-0.001120883,0,0.5,-0.000560441,-0.124272432,-0.070622777
2023-08-12 00:00:00,1.1636,0.004402244,-1,0,0.002201122,-0.120417265,-0.068577104
2023-08-13 00:00:00,1.1403,-0.020024063,-1,0,0,-0.138030085,-0.068577104
2023-08-14 00:00:00,1.1414,0.000964658,-1,0,0,-0.137198579,-0.068577104
2023-08-15 00:00:00,1.1295,-0.010425793,-1,0,0,-0.146193968,-0.068577104
2023-08-16 00:00:00,1.0487,-0.071536078,-1,0,0,-0.207271903,-0.068577104
2023-08-17 00:00:00,0.9836,-0.062076857,-1,0,0,-0.256481971,-0.068577104
2023-08-18 00:00:00,1.0065,0.023281822,-1,0,0,-0.239171517,-0.068577104
2023-08-19 00:00:00,1.0204,0.013810233,-1,0,0,-0.228664298,-0.068577104
2023-08-20 00:00:00,1.0285,0.007938064,-1,0,0,-0.222541386,-0.068577104
2023-08-21 00:00:00,0.9936,-0.033932912,-1,0,0,-0.248922821,-0.068577104
2023-08-22 00:00:00,0.9812,-0.012479871,-1,0,0,-0.258296168,-0.068577104
2023-08-23 00:00:00,1.0082,0.027517326,-1,0,0,-0.237886462,-0.068577104
2023-08-24 00:00:00,0.9804,-0.027573894,-1,0,0,-0.2589009,-0.068577104
2023-08-25 00:00:00,0.9487,-0.032333741,-1,0,0,-0.282863406,-0.068577104
2023-08-26 00:00:00,0.9501,0.001475704,-1,0,0,-0.281805125,-0.068577104
2023-08-27 00:00:00,0.9581,0.008420166,-1,0,0,-0.275757805,-0.068577104
2023-08-28 00:00:00,0.9492,-0.009289218,-1,0,0,-0.282485449,-0.068577104
2023-08-29 00:00:00,0.9704,0.022334598,-1,0,0,-0.26646005,-0.068577104
2023-08-30 00:00:00,0.9418,-0.029472383,-1,0,0,-0.28807922,-0.068577104
2023-08-31 00:00:00,0.9157,-0.02771289,-1,0,0,-0.307808602,-0.068577104
2023-09-01 00:00:00,0.8842,-0.034399913,-1,0,0,-0.331619926,-0.068577104
2023-09-02 00:00:00,0.8877,0.00395838,-1,0,0,-0.328974223,-0.068577104
2023-09-03 00:00:00,0.9044,0.018812662,-1,0,0,-0.316350442,-0.068577104
2023-09-04 00:00:00,0.8963,-0.008956214,-1,0,0,-0.322473354,-0.068577104
2023-09-05 00:00:00,0.9006,0.004797501,-1,0,0,-0.319222919,-0.068577104
2023-09-06 00:00:00,0.9012,0.000666223,-1,0,0,-0.31876937,-0.068577104
2023-09-07 00:00:00,0.9126,0.0126498,-1,0,0,-0.310151939,-0.068577104
2023-09-08 00:00:00,0.9013,-0.012382205,-1,0,0,-0.318693779,-0.068577104
2023-09-09 00:00:00,0.8977,-0.003994231,-1,0,0,-0.321415073,-0.068577104
2023-09-10 00:00:00,0.8437,-0.060153726,-1,0,0,-0.362234485,-0.068577104
2023-09-11 00:00:00,0.7617,-0.097190945,-1,0,0,-0.424219518,-0.068577104
2023-09-12 00:00:00,0.7825,0.027307339,-1,0,0,-0.408496485,-0.068577104
2023-09-13 00:00:00,0.7852,0.003450479,-1,0,0,-0.406455514,-0.068577104
2023-09-14 00:00:00,0.8034,0.023178808,-1,0,0,-0.392697861,-0.068577104
2023-09-15 00:00:00,0.8076,0.005227782,-1,0,0,-0.389523018,-0.068577104
2023-09-16 00:00:00,0.8276,0.024764735,-1,0,0,-0.374404717,-0.068577104
2023-09-17 00:00:00,0.7943,-0.040236829,-1,0,0,-0.399576688,-0.068577104
2023-09-18 00:00:00,0.8232,0.036384238,-1,0,0,-0.377730743,-0.068577104
2023-09-19 00:00:00,0.8637,0.049198251,-1,0,0,-0.347116184,-0.068577104
2023-09-20 00:00:00,0.8601,-0.004168114,-1,0,0,-0.349837478,-0.068577104
2023-09-21 00:00:00,0.8217,-0.044645971,-1,0,0,-0.378864616,-0.068577104
2023-09-22 00:00:00,0.8397,0.021905805,-1,0,0,-0.365258145,-0.068577104
2023-09-23 00:00:00,0.8202,-0.023222579,-1,0,0,-0.379998488,-0.068577104
2023-09-24 00:00:00,0.8068,-0.016337479,-1,0,0,-0.39012775,-0.068577104
2023-09-25 00:00:00,0.8065,-0.000371839,-1,0,0,-0.390354524,-0.068577104
2023-09-26 00:00:00,0.826,0.024178549,-1,0,0,-0.375614181,-0.068577104
2023-09-27 00:00:00,0.8182,-0.009443099,-1,0,0,-0.381510318,-0.068577104
2023-09-28 00:00:00,0.8922,0.090442435,-1,0,0,-0.325572606,-0.068577104
2023-09-29 00:00:00,0.9015,0.010423672,-1,0,0,-0.318542596,-0.068577104
2023-09-30 00:00:00,0.907,0.006100943,-1,0,0,-0.314385063,-0.068577104
2023-10-01 00:00:00,0.9688,0.068136714,0,0.5,0,-0.267669514,-0.068577104
2023-10-02 00:00:00,0.9309,-0.039120562,0,0.5,-0.019560281,-0.296318694,-0.086795997
2023-10-03 00:00:00,0.9049,-0.02792996,0,0.5,-0.01396498,-0.315972485,-0.099548873
2023-10-04 00:00:00,0.8831,-0.02409106,-1,0,-0.01204553,-0.332451432,-0.110395284
2023-10-05 00:00:00,0.8567,-0.029894689,-1,0,0,-0.352407589,-0.110395284
2023-10-06 00:00:00,0.8892,0.037936267,-1,0,0,-0.327840351,-0.110395284
2023-10-07 00:00:00,0.8682,-0.023616734,-1,0,0,-0.343714566,-0.110395284
2023-10-08 00:00:00,0.8463,-0.025224603,-1,0,0,-0.360269106,-0.110395284
2023-10-09 00:00:00,0.8194,-0.031785419,-1,0,0,-0.38060322,-0.110395284
2023-10-10 00:00:00,0.8227,0.004027337,-1,0,0,-0.378108701,-0.110395284
2023-10-11 00:00:00,0.8157,-0.008508569,0,0.5,0,-0.383400106,-0.110395284
2023-10-12 00:00:00,0.8037,-0.014711291,0,0.5,-0.007355645,-0.392471086,-0.116938901
2023-10-13 00:00:00,0.8065,0.003483887,0,0.5,0.001741944,-0.390354524,-0.115400659
2023-10-14 00:00:00,0.8027,-0.004711717,-1,0,-0.002355859,-0.393227001,-0.11748465
2023-10-15 00:00:00,0.8033,0.000747477,-1,0,0,-0.392773452,-0.11748465
2023-10-16 00:00:00,0.8189,0.019419893,-1,0,0,-0.380981178,-0.11748465
2023-10-17 00:00:00,0.7833,-0.043472952,-1,0,0,-0.407891753,-0.11748465
2023-10-18 00:00:00,0.7821,-0.00153198,-1,0,0,-0.408798851,-0.11748465
2023-10-19 00:00:00,0.7689,-0.016877637,-1,0,0,-0.418776929,-0.11748465
2023-10-20 00:00:00,0.7996,0.039927169,-1,0,0,-0.395570338,-0.11748465
2023-10-21 00:00:00,0.8323,0.040895448,0,0.5,0,-0.370851916,-0.11748465
2023-10-22 00:00:00,0.8527,0.024510393,0,0.5,0.012255196,-0.35543125,-0.106669251
2023-10-23 00:00:00,0.884,0.036706931,0,0.5,0.018353465,-0.331771109,-0.090273536
2023-10-24 00:00:00,0.8996,0.017647059,0,0.5,0.008823529,-0.319978834,-0.082246537
2023-10-25 00:00:00,0.9229,0.0259004,0,0.5,0.0129502,-0.302366014,-0.070361446
2023-10-26 00:00:00,0.9376,0.015928053,0,0.5,0.007964026,-0.291254063,-0.06295778
2023-10-27 00:00:00,0.9154,-0.023677474,0,0.5,-0.011838737,-0.308035377,-0.074051177
2023-10-28 00:00:00,0.92,0.005025126,0,0.5,0.002512563,-0.304558168,-0.071724672
2023-10-29 00:00:00,0.9489,0.031413043,0,0.5,0.015706522,-0.282712223,-0.057144696
2023-10-30 00:00:00,0.9657,0.017704711,0,0.5,0.008852355,-0.270012851,-0.048798205
2023-10-31 00:00:00,0.9455,-0.020917469,-1,0,-0.010458735,-0.285282334,-0.058746573
2023-11-01 00:00:00,1.0421,0.102168165,0,0.5,0,-0.212260942,-0.058746573
2023-11-02 00:00:00,0.9908,-0.049227521,0,0.5,-0.024613761,-0.251039383,-0.081914359
2023-11-03 00:00:00,1.0607,0.070549051,0,0.5,0.035274526,-0.198200922,-0.049529324
2023-11-04 00:00:00,1.0969,0.034128406,0,0.5,0.017064203,-0.170836798,-0.033310299
2023-11-05 00:00:00,1.0908,-0.005561127,0,0.5,-0.002780563,-0.17544788,-0.035998241
2023-11-06 00:00:00,1.125,0.031353135,1,1,0.015676568,-0.149595585,-0.020886002
2023-11-07 00:00:00,1.0832,-0.037155556,0,0.5,-0.037155556,-0.181192834,-0.057265527
2023-11-08 00:00:00,1.0939,0.009878139,0,0.5,0.004939069,-0.173104543,-0.052609296
2023-11-09 00:00:00,1.2087,0.104945607,1,1,0.052472804,-0.086325497,-0.00289705
2023-11-10 00:00:00,1.1743,-0.028460329,0,0.5,-0.028460329,-0.112328974,-0.031274928
2023-11-11 00:00:00,1.1384,-0.030571404,0,0.5,-0.015285702,-0.139466324,-0.046082571
2023-11-12 00:00:00,1.1569,0.016250878,0,0.5,0.008125439,-0.125481896,-0.038331573
2023-11-13 00:00:00,1.1153,-0.035958164,0,0.5,-0.017979082,-0.156927961,-0.055621488
2023-11-14 00:00:00,1.0773,-0.03407155,0,0.5,-0.017035775,-0.185652733,-0.071709708
2023-11-15 00:00:00,1.143,0.060985798,0,0.5,0.030492899,-0.135989115,-0.043403446
2023-11-16 00:00:00,1.0791,-0.055905512,0,0.5,-0.027952756,-0.184292086,-0.070142956
2023-11-17 00:00:00,1.043,-0.033453804,0,0.5,-0.016726902,-0.211580618,-0.085696584
2023-11-18 00:00:00,1.033,-0.009587728,0,0.5,-0.004793864,-0.219139769,-0.09007963
2023-11-19 00:00:00,1.0468,0.013359148,0,0.5,0.006679574,-0.208708141,-0.084001749
2023-11-20 00:00:00,1.0273,-0.0186282,0,0.5,-0.0093141,-0.223448484,-0.092533449
2023-11-21 00:00:00,0.9502,-0.075051105,0,0.5,-0.037525552,-0.281729534,-0.126586632
2023-11-22 00:00:00,1.0193,0.072721532,0,0.5,0.036360766,-0.229495805,-0.094828653
2023-11-23 00:00:00,1.0169,-0.002354557,0,0.5,-0.001177279,-0.231310001,-0.095894292
2023-11-24 00:00:00,1.0497,0.032254892,0,0.5,0.016127446,-0.206515988,-0.081313376
2023-11-25 00:00:00,1.067,0.016480899,0,0.5,0.00824045,-0.193438657,-0.073742985
2023-11-26 00:00:00,1.0374,-0.027741331,0,0.5,-0.013870665,-0.215813743,-0.086590786
2023-11-27 00:00:00,1.0176,-0.019086177,0,0.5,-0.009543088,-0.23078086,-0.095307531
2023-11-28 00:00:00,1.0176,0,0,0.5,0,-0.23078086,-0.095307531
2023-11-29 00:00:00,1.0079,-0.009532233,0,0.5,-0.004766116,-0.238113236,-0.099619401
2023-11-30 00:00:00,1.0067,-0.001190594,0,0.5,-0.000595297,-0.239020334,-0.100155395
2023-12-01 00:00:00,1.0341,0.027217642,-1,0,0.013608821,-0.218308262,-0.087909571
2023-12-02 00:00:00,1.1117,0.075041099,0,0.5,0,-0.159649255,-0.087909571
2023-12-03 00:00:00,1.0981,-0.012233516,0,0.5,-0.006116758,-0.1699297,-0.093488607
2023-12-04 00:00:00,1.0934,-0.00428012,-1,0,-0.00214006,-0.173482501,-0.095428596
2023-12-05 00:00:00,1.092,-0.00128041,0,0.5,0,-0.174540782,-0.095428596
2023-12-06 00:00:00,1.0594,-0.02985348,-1,0,-0.01492674,-0.199183612,-0.108930898
2023-12-07 00:00:00,1.1726,0.106852936,0,0.5,0,-0.11361403,-0.108930898
2023-12-08 00:00:00,1.1674,-0.00443459,1,1,-0.002217295,-0.117544788,-0.110906661
2023-12-09 00:00:00,1.14,-0.023470961,-1,0,-0.023470961,-0.13825686,-0.131774536
2023-12-10 00:00:00,1.1568,0.014736842,-1,0,0,-0.125557487,-0.131774536
2023-12-11 00:00:00,1.0961,-0.052472337,-1,0,0,-0.17144153,-0.131774536
2023-12-12 00:00:00,1.2537,0.143782502,1,1,0,-0.05230932,-0.131774536
2023-12-13 00:00:00,1.187,-0.053202521,1,1,-0.053202521,-0.102728853,-0.177966319
2023-12-14 00:00:00,1.1842,-0.002358888,1,1,-0.002358888,-0.104845415,-0.179905405
2023-12-15 00:00:00,1.1007,-0.070511738,0,0.5,-0.070511738,-0.167964321,-0.2377317
2023-12-16 00:00:00,1.1255,0.022531117,1,1,0.011265558,-0.149217628,-0.229144322
2023-12-17 00:00:00,1.1074,-0.016081741,1,1,-0.016081741,-0.16289969,-0.241541024
2023-12-18 00:00:00,1.102,-0.004876287,1,1,-0.004876287,-0.166981631,-0.245239487
2023-12-19 00:00:00,1.0744,-0.025045372,1,1,-0.025045372,-0.187844886,-0.264142745
2023-12-20 00:00:00,1.1061,0.02950484,1,1,0.02950484,-0.16388238,-0.242431394
2023-12-21 00:00:00,1.1596,0.04836814,1,1,0.04836814,-0.123440925,-0.20578921
2023-12-22 00:00:00,1.4208,0.225250086,1,1,0.225250086,0.074004082,-0.026893161
2023-12-23 00:00:00,1.3949,-0.018229167,1,1,-0.018229167,0.054425883,-0.044632088
2023-12-24 00:00:00,1.3551,-0.028532511,1,1,-0.028532511,0.024340464,-0.071891133
2023-12-25 00:00:00,1.3891,0.025090399,1,1,0.025090399,0.050041575,-0.048604511
2023-12-26 00:00:00,1.3276,-0.04427327,1,1,-0.04427327,0.003552801,-0.090725901
2023-12-27 00:00:00,1.5063,0.134603796,1,1,0.134603796,0.138634817,0.031665845
2023-12-28 00:00:00,1.4694,-0.024497112,1,1,-0.024497112,0.110741553,0.006393011
2023-12-29 00:00:00,1.5107,0.02810671,1,1,0.02810671,0.141960844,0.034679407
2023-12-30 00:00:00,1.4814,-0.019394982,1,1,-0.019394982,0.119812533,0.014611818
2023-12-31 00:00:00,1.5626,0.054813015,1,1,0.054813015,0.181192834,0.070225751
2024-01-01 00:00:00,1.7363,0.111160886,1,1,0.111160886,0.312495276,0.189192993
2024-01-02 00:00:00,1.7719,0.020503369,1,1,0.020503369,0.339405851,0.213575456
2024-01-03 00:00:00,1.9142,0.080309273,1,1,0.080309273,0.44697256,0.311036818
2024-01-04 00:00:00,2.0052,0.047539442,1,1,0.047539442,0.515760828,0.373362777
2024-01-05 00:00:00,1.9515,-0.026780371,1,1,-0.026780371,0.475168191,0.336583613
2024-01-06 00:00:00,1.7516,-0.102434025,1,1,-0.102434025,0.324060776,0.199671973
2024-01-07 00:00:00,1.7209,-0.017526833,1,1,-0.017526833,0.300854184,0.178645523
2024-01-08 00:00:00,1.8213,0.058341565,1,1,0.058341565,0.376748054,0.247409548
2024-01-09 00:00:00,1.8436,0.012244002,1,1,0.012244002,0.393604959,0.262682833
2024-01-10 00:00:00,2.2294,0.209264483,1,1,0.209264483,0.685236979,0.526917502
2024-01-11 00:00:00,2.259,0.013277115,1,1,0.013277115,0.707612064,0.547190561
2024-01-12 00:00:00,2.204,-0.024347056,1,1,-0.024347056,0.666036737,0.509521026
2024-01-13 00:00:00,2.1764,-0.012522686,1,1,-0.012522686,0.645173483,0.490617768
2024-01-14 00:00:00,2.0313,-0.06666973,1,1,-0.06666973,0.535490211,0.391238684
2024-01-15 00:00:00,2.1102,0.038842121,1,1,0.038842121,0.595131907,0.445277345
2024-01-16 00:00:00,2.1517,0.019666382,1,1,0.019666382,0.626502381,0.473700722
2024-01-17 00:00:00,2.0388,-0.05247014,1,1,-0.05247014,0.541159574,0.396375439
2024-01-18 00:00:00,1.8924,-0.071806945,1,1,-0.071806945,0.430493613,0.296105984
2024-01-19 00:00:00,1.8565,-0.018970619,1,1,-0.018970619,0.403356263,0.271518051
2024-01-20 00:00:00,1.8167,-0.02143819,1,1,-0.02143819,0.373270844,0.244259005
2024-01-21 00:00:00,1.8163,-0.000220179,1,1,-0.000220179,0.372968478,0.243985045
2024-01-22 00:00:00,1.6895,-0.069812256,1,1,-0.069812256,0.277118452,0.157139643
2024-01-23 00:00:00,1.6898,0.000177567,1,1,0.000177567,0.277345226,0.157345113
2024-01-24 00:00:00,1.7375,0.028228193,1,1,0.028228193,0.313402374,0.190014874
2024-01-25 00:00:00,1.7315,-0.003453237,1,1,-0.003453237,0.308866883,0.18590547
2024-01-26 00:00:00,1.8167,0.049205891,1,1,0.049205891,0.373270844,0.244259005
2024-01-27 00:00:00,1.7963,-0.011229152,1,1,-0.011229152,0.357850178,0.230287032
2024-01-28 00:00:00,1.7983,0.0011134,1,1,0.0011134,0.359362008,0.231656833
2024-01-29 00:00:00,1.8542,0.031084914,1,1,0.031084914,0.401617658,0.26994278
2024-01-30 00:00:00,1.8846,0.016395211,1,1,0.016395211,0.424597475,0.290763759
2024-01-31 00:00:00,1.7623,-0.064894407,1,1,-0.064894407,0.332149066,0.20700041
2024-02-01 00:00:00,1.784,0.012313454,1,1,0.012313454,0.348552423,0.221862754
2024-02-02 00:00:00,1.7917,0.004316143,0,0.5,0.004316143,0.354372968,0.227136489
2024-02-03 00:00:00,1.7653,-0.01473461,0,0.5,-0.007367305,0.334416812,0.218095801
2024-02-04 00:00:00,1.7312,-0.01931683,0,0.5,-0.009658415,0.308640109,0.206330926
2024-02-05 00:00:00,1.7344,0.001848429,0,0.5,0.000924214,0.311059037,0.207445834
2024-02-06 00:00:00,1.83,0.055119926,1,1,0.027559963,0.383324514,0.240722997
2024-02-07 00:00:00,1.8985,0.037431694,1,1,0.037431694,0.435104694,0.28716536
2024-02-08 00:00:00,1.8616,-0.019436397,1,1,-0.019436397,0.407211429,0.262147503
2024-02-09 00:00:00,1.9813,0.064299527,0,0.5,0.064299527,0.497694459,0.343302991
2024-02-10 00:00:00,1.96,-0.010750517,0,0.5,-0.005375259,0.481593469,0.33608239
2024-02-11 00:00:00,1.9424,-0.008979592,0,0.5,-0.004489796,0.468289364,0.330083653
2024-02-12 00:00:00,2.0778,0.069707578,0,0.5,0.034853789,0.57064026,0.376442108
2024-02-13 00:00:00,2.0474,-0.01463086,1,1,-0.00731543,0.547660443,0.366372842
2024-02-14 00:00:00,2.1118,0.031454528,1,1,0.031454528,0.596341371,0.409351455
2024-02-15 00:00:00,2.0736,-0.018088834,0,0.5,-0.018088834,0.567465417,0.38385793
2024-02-16 00:00:00,2.0117,-0.029851466,0,0.5,-0.014925733,0.520674276,0.363202836
2024-02-17 00:00:00,1.971,-0.020231645,1,1,-0.010115822,0.489908534,0.349412918
2024-02-18 00:00:00,2.0411,0.035565703,1,1,0.035565703,0.542898178,0.397405737
2024-02-19 00:00:00,2.0555,0.007055019,1,1,0.007055019,0.553783355,0.407264461
2024-02-20 00:00:00,2.0118,-0.021260034,1,1,-0.021260034,0.520749868,0.377345971
2024-02-21 00:00:00,1.8781,-0.066457898,1,1,-0.066457898,0.419684028,0.285810452
2024-02-22 00:00:00,1.8097,-0.036419786,1,1,-0.036419786,0.367979439,0.238981511
2024-02-23 00:00:00,1.8002,-0.005249489,1,1,-0.005249489,0.360798246,0.232477491
2024-02-24 00:00:00,1.846,0.025441618,1,1,0.025441618,0.395419155,0.263833712
2024-02-25 00:00:00,1.9067,0.032881907,1,1,0.032881907,0.441303198,0.305390975
2024-02-26 00:00:00,1.9302,0.012324959,1,1,0.012324959,0.459067201,0.321479865
2024-02-27 00:00:00,1.8983,-0.016526785,1,1,-0.016526785,0.434953511,0.299640052
2024-02-28 00:00:00,1.9018,0.001843755,1,1,0.001843755,0.437599214,0.30203627
2024-02-29 00:00:00,1.9463,0.023398885,1,1,0.023398885,0.471237433,0.332502467
2024-03-01 00:00:00,1.9904,0.022658377,1,1,0.022658377,0.504573286,0.362694811
2024-03-02 00:00:00,2.0286,0.019192122,1,1,0.019192122,0.53344924,0.388847816
2024-03-03 00:00:00,2.0468,0.008971705,1,1,0.008971705,0.547206894,0.401308149
2024-03-04 00:00:00,1.9844,-0.030486613,1,1,-0.030486613,0.500037796,0.358587009
2024-03-05 00:00:00,1.9669,-0.008818787,1,1,-0.008818787,0.486809283,0.34660592
2024-03-06 00:00:00,2.0563,0.045452234,1,1,0.045452234,0.554388087,0.407812168
2024-03-07 00:00:00,2.1672,0.053931819,1,1,0.053931819,0.638219064,0.48373804
2024-03-08 00:00:00,2.1359,-0.014442599,1,1,-0.014442599,0.614558924,0.462309007
2024-03-09 00:00:00,2.0991,-0.017229271,1,1,-0.017229271,0.58674125,0.437114488
2024-03-10 00:00:00,2.0697,-0.014006003,1,1,-0.014006003,0.564517348,0.416986259
2024-03-11 00:00:00,2.0862,0.00797217,1,1,0.00797217,0.576989946,0.428282714
2024-03-12 00:00:00,2.0195,-0.031972007,1,1,-0.031972007,0.526570413,0.38261765
2024-03-13 00:00:00,2.1175,0.048526863,1,1,0.048526863,0.600650087,0.449711748
2024-03-14 00:00:00,2.0176,-0.047178276,0,0.5,-0.047178276,0.525134175,0.381316846
2024-03-15 00:00:00,1.89,-0.063243458,0,0.5,-0.031621729,0.428679416,0.337637219
2024-03-16 00:00:00,1.7577,-0.07,0,0.5,-0.035,0.328671857,0.290819917
2024-03-17 00:00:00,1.7376,-0.011435399,0,0.5,-0.005717699,0.313477965,0.283439397
2024-03-18 00:00:00,1.6249,-0.064859576,0,0.5,-0.032429788,0.228286341,0.241817729
2024-03-19 00:00:00,1.626,0.000676965,0,0.5,0.000338482,0.229117847,0.242238062
2024-03-20 00:00:00,1.7474,0.074661747,0,0.5,0.037330873,0.320885932,0.288611894
2024-03-21 00:00:00,1.6855,-0.035424059,0,0.5,-0.017712029,0.274094792,0.265787962
2024-03-22 00:00:00,1.6055,-0.047463661,0,0.5,-0.02373183,0.213621589,0.235748497
2024-03-23 00:00:00,1.5963,-0.005730302,0,0.5,-0.002865151,0.206667171,0.232207891
2024-03-24 00:00:00,1.6719,0.047359519,0,0.5,0.023679759,0.263814347,0.261386278
2024-03-25 00:00:00,1.725,0.031760273,0,0.5,0.015880136,0.303953436,0.281417264
2024-03-26 00:00:00,1.7024,-0.013101449,0,0.5,-0.006550725,0.286869756,0.273023052
2024-03-27 00:00:00,1.6562,-0.027138158,0,0.5,-0.013569079,0.251946481,0.255749302
2024-03-28 00:00:00,1.6685,0.007426639,0,0.5,0.00371332,0.261244236,0.2604123
2024-03-29 00:00:00,1.6454,-0.013844771,0,0.5,-0.006922385,0.243782599,0.251687241
2024-03-30 00:00:00,1.643,-0.001458612,0,0.5,-0.000729306,0.241968403,0.250774378
2024-03-31 00:00:00,1.6639,0.012720633,0,0.5,0.006360316,0.257767027,0.258729699
2024-04-01 00:00:00,1.569,-0.057034678,0,0.5,-0.028517339,0.18603069,0.222834077
2024-04-02 00:00:00,1.4493,-0.076290631,0,0.5,-0.038145315,0.09554766,0.176188686
2024-04-03 00:00:00,1.4804,0.021458635,0,0.5,0.010729318,0.119056618,0.188808388
2024-04-04 00:00:00,1.4604,-0.013509862,0,0.5,-0.006754931,0.103938317,0.180778069
2024-04-05 00:00:00,1.4342,-0.01794029,0,0.5,-0.008970145,0.084133343,0.170186318
2024-04-06 00:00:00,1.4883,0.037721378,0,0.5,0.018860689,0.125028347,0.192256838
2024-04-07 00:00:00,1.5298,0.027884163,0,0.5,0.013942082,0.156398821,0.20887938
2024-04-08 00:00:00,1.571,0.026931625,0,0.5,0.013465813,0.18754252,0.225157924
2024-04-09 00:00:00,1.4849,-0.054805856,0,0.5,-0.027402928,0.122458236,0.191585009
2024-04-10 00:00:00,1.4675,-0.011717961,0,0.5,-0.00585898,0.109305314,0.184603536
2024-04-11 00:00:00,1.4193,-0.032844974,0,0.5,-0.016422487,0.072870209,0.165149399
2024-04-12 00:00:00,1.1729,-0.173606708,-1,0,-0.086803354,-0.113387255,0.064010524
2024-04-13 00:00:00,1.0308,-0.121152698,-1,0,0,-0.220802782,0.064010524
2024-04-14 00:00:00,1.179,0.143771828,0,0.5,0,-0.108776174,0.064010524
2024-04-15 00:00:00,1.152,-0.022900763,0,0.5,-0.011450382,-0.12918588,0.051827197
2024-04-16 00:00:00,1.1536,0.001388889,0,0.5,0.000694444,-0.127976415,0.052557633
2024-04-17 00:00:00,1.1052,-0.041955617,0,0.5,-0.020977809,-0.164562703,0.03047728
2024-04-18 00:00:00,1.138,0.029677886,0,0.5,0.014838943,-0.13976869,0.045768474
2024-04-19 00:00:00,1.119,-0.016695958,-1,0,-0.008347979,-0.154131076,0.037038421
2024-04-20 00:00:00,1.2153,0.086058981,-1,0,0,-0.081336458,0.037038421
2024-04-21 00:00:00,1.1887,-0.0218876,-1,0,0,-0.101443798,0.037038421
2024-04-22 00:00:00,1.2082,0.016404475,-1,0,0,-0.086703455,0.037038421
2024-04-23 00:00:00,1.1781,-0.024913094,-1,0,0,-0.109456497,0.037038421
2024-04-24 00:00:00,1.1151,-0.053475936,-1,0,0,-0.157079144,0.037038421
2024-04-25 00:00:00,1.0889,-0.023495651,-1,0,0,-0.176884118,0.037038421
2024-04-26 00:00:00,1.0646,-0.022316099,-1,0,0,-0.195252854,0.037038421
2024-04-27 00:00:00,1.1249,0.056640992,-1,0,0,-0.149671177,0.037038421
2024-04-28 00:00:00,1.1008,-0.021424127,-1,0,0,-0.167888729,0.037038421
2024-04-29 00:00:00,1.0571,-0.039698401,-1,0,0,-0.200922216,0.037038421
2024-04-30 00:00:00,1.0218,-0.033393246,-1,0,0,-0.227606017,0.037038421
2024-05-01 00:00:00,1.029,0.007046389,-1,0,0,-0.222163429,0.037038421
2024-05-02 00:00:00,1.0282,-0.000777454,-1,0,0,-0.222768161,0.037038421
2024-05-03 00:00:00,1.0645,0.035304415,-1,0,0,-0.195328445,0.037038421
2024-05-04 00:00:00,1.0609,-0.003381869,-1,0,0,-0.198049739,0.037038421
2024-05-05 00:00:00,1.0702,0.008766142,-1,0,0,-0.191019729,0.037038421
2024-05-06 00:00:00,1.0596,-0.009904691,-1,0,0,-0.199032429,0.037038421
2024-05-07 00:00:00,1.0249,-0.032748207,-1,0,0,-0.22526268,0.037038421
2024-05-08 00:00:00,1.0278,0.002829544,-1,0,0,-0.223070527,0.037038421
2024-05-09 00:00:00,1.0406,0.012453785,-1,0,0,-0.213394814,0.037038421
2024-05-10 00:00:00,0.9945,-0.044301365,-1,0,0,-0.248242498,0.037038421
2024-05-11 00:00:00,1.0001,0.00563097,-1,0,0,-0.244009373,0.037038421
2024-05-12 00:00:00,0.9969,-0.00319968,-1,0,0,-0.246428301,0.037038421
2024-05-13 00:00:00,0.9811,-0.015849132,-1,0,0,-0.258371759,0.037038421
2024-05-14 00:00:00,0.9349,-0.047090001,-1,0,0,-0.293295034,0.037038421
2024-05-15 00:00:00,0.9933,0.062466574,-1,0,0,-0.249149596,0.037038421
2024-05-16 00:00:00,0.971,-0.022450418,-1,0,0,-0.266006501,0.037038421
2024-05-17 00:00:00,1.03,0.060762101,-1,0,0,-0.221407514,0.037038421
2024-05-18 00:00:00,1.0176,-0.012038835,-1,0,0,-0.23078086,0.037038421
2024-05-19 00:00:00,0.9711,-0.045695755,-1,0,0,-0.265930909,0.037038421
2024-05-20 00:00:00,1.1273,0.160848522,-1,0,0,-0.147856981,0.037038421
2024-05-21 00:00:00,1.2035,0.067595139,0,0.5,0,-0.090256255,0.037038421
2024-05-22 00:00:00,1.1421,-0.051017865,-1,0,-0.025508932,-0.136669438,0.010584678
2024-05-23 00:00:00,1.2036,0.053848174,0,0.5,0,-0.090180664,0.010584678
2024-05-24 00:00:00,1.1584,-0.037554005,0,0.5,-0.018777002,-0.124348023,-0.008391073
2024-05-25 00:00:00,1.192,0.029005525,0,0.5,0.014502762,-0.098949278,0.005989996
2024-05-26 00:00:00,1.1935,0.001258389,0,0.5,0.000629195,-0.097815406,0.006622959
2024-05-27 00:00:00,1.2308,0.031252618,0,0.5,0.015626309,-0.069619775,0.022352761
2024-05-28 00:00:00,1.2009,-0.024293143,0,0.5,-0.012146571,-0.092221634,0.00993468
2024-05-29 00:00:00,1.1416,-0.049379632,0,0.5,-0.024689816,-0.137047396,-0.015000421
2024-05-30 00:00:00,1.1291,-0.010949544,0,0.5,-0.005474772,-0.146496334,-0.020393069
2024-05-31 00:00:00,1.12,-0.008059516,0,0.5,-0.004029758,-0.153375161,-0.024340649
2024-06-01 00:00:00,1.1341,0.012589286,0,0.5,0.006294643,-0.142716759,-0.018199221
2024-06-02 00:00:00,1.1134,-0.018252359,0,0.5,-0.009126179,-0.1583642,-0.027159311
2024-06-03 00:00:00,1.1058,-0.006825939,0,0.5,-0.003412969,-0.164109154,-0.030479587
2024-06-04 00:00:00,1.1084,0.002351239,0,0.5,0.001175619,-0.162143775,-0.0293398
2024-06-05 00:00:00,1.1248,0.014796102,0,0.5,0.007398051,-0.149746768,-0.022158806
2024-06-06 00:00:00,1.0891,-0.031738976,0,0.5,-0.015869488,-0.176732935,-0.037676645
2024-06-07 00:00:00,0.9986,-0.083096134,-1,0,-0.041548067,-0.245143246,-0.07765932
2024-06-08 00:00:00,0.9679,-0.03074304,-1,0,0,-0.268349837,-0.07765932
2024-06-09 00:00:00,0.9793,0.011778076,-1,0,0,-0.259732406,-0.07765932
2024-06-10 00:00:00,0.96,-0.019707955,-1,0,0,-0.274321566,-0.07765932
2024-06-11 00:00:00,0.9375,-0.0234375,-1,0,0,-0.291329655,-0.07765932
2024-06-12 00:00:00,0.9733,0.038186667,-1,0,0,-0.264267896,-0.07765932
2024-06-13 00:00:00,0.9369,-0.037398541,0,0.5,0,-0.291783204,-0.07765932
2024-06-14 00:00:00,0.912,-0.026577009,-1,0,-0.013288505,-0.310605488,-0.089915849
2024-06-15 00:00:00,0.922,0.010964912,-1,0,0,-0.303046338,-0.089915849
2024-06-16 00:00:00,0.9242,0.002386117,-1,0,0,-0.301383325,-0.089915849
2024-06-17 00:00:00,0.8576,-0.072062324,-1,0,0,-0.351727266,-0.089915849
2024-06-18 00:00:00,0.7943,-0.073810634,-1,0,0,-0.399576688,-0.089915849
2024-06-19 00:00:00,0.8127,0.023165051,-1,0,0,-0.385667851,-0.089915849
2024-06-20 00:00:00,0.8008,-0.01464255,-1,0,0,-0.39466324,-0.089915849
2024-06-21 00:00:00,0.8017,0.001123876,-1,0,0,-0.393982916,-0.089915849
2024-06-22 00:00:00,0.8046,0.003617313,-1,0,0,-0.391790763,-0.089915849
2024-06-23 00:00:00,0.7838,-0.025851355,-1,0,0,-0.407513795,-0.089915849
2024-06-24 00:00:00,0.8199,0.046057668,-1,0,0,-0.380225263,-0.089915849
2024-06-25 00:00:00,0.8293,0.011464813,-1,0,0,-0.373119661,-0.089915849
2024-06-26 00:00:00,0.812,-0.020860967,-1,0,0,-0.386196991,-0.089915849
2024-06-27 00:00:00,0.8226,0.013054187,-1,0,0,-0.378184292,-0.089915849
2024-06-28 00:00:00,0.7914,-0.037928519,-1,0,0,-0.401768841,-0.089915849
2024-06-29 00:00:00,0.7793,-0.015289361,-1,0,0,-0.410915413,-0.089915849
2024-06-30 00:00:00,0.8015,0.028487104,-1,0,0,-0.394134099,-0.089915849
2024-07-01 00:00:00,0.7794,-0.0275733,-1,0,0,-0.410839822,-0.089915849
2024-07-02 00:00:00,0.7833,0.005003849,-1,0,0,-0.407891753,-0.089915849
2024-07-03 00:00:00,0.764,-0.024639346,-1,0,0,-0.422480913,-0.089915849
2024-07-04 00:00:00,0.6788,-0.111518325,-1,0,0,-0.486884874,-0.089915849
2024-07-05 00:00:00,0.6223,-0.083235121,-1,0,0,-0.529594074,-0.089915849
2024-07-06 00:00:00,0.6928,0.11328941,-1,0,0,-0.476302064,-0.089915849
2024-07-07 00:00:00,0.6502,-0.061489607,-1,0,0,-0.508504044,-0.089915849
2024-07-08 00:00:00,0.6672,0.026145801,-1,0,0,-0.495653489,-0.089915849
2024-07-09 00:00:00,0.7099,0.063998801,-1,0,0,-0.463375917,-0.089915849
2024-07-10 00:00:00,0.7133,0.004789407,-1,0,0,-0.460805805,-0.089915849
2024-07-11 00:00:00,0.6928,-0.028739661,-1,0,0,-0.476302064,-0.089915849
2024-07-12 00:00:00,0.6987,0.008516166,-1,0,0,-0.471842165,-0.089915849
2024-07-13 00:00:00,0.7001,0.002003721,-1,0,0,-0.470783884,-0.089915849
2024-07-14 00:00:00,0.7214,0.030424225,-1,0,0,-0.454682894,-0.089915849
2024-07-15 00:00:00,0.773,0.071527585,-1,0,0,-0.415677678,-0.089915849
2024-07-16 00:00:00,0.7515,-0.027813713,-1,0,0,-0.431929851,-0.089915849
2024-07-17 00:00:00,0.7467,-0.006387226,-1,0,0,-0.435558243,-0.089915849
2024-07-18 00:00:00,0.7474,0.000937458,-1,0,0,-0.435029103,-0.089915849
2024-07-19 00:00:00,0.7735,0.03492106,-1,0,0,-0.41529972,-0.089915849
2024-07-20 00:00:00,0.7786,0.006593407,-1,0,0,-0.411444554,-0.089915849
2024-07-21 00:00:00,0.8022,0.030310814,0,0.5,0,-0.393604959,-0.089915849
2024-07-22 00:00:00,0.7593,-0.053477936,-1,0,-0.026738968,-0.426033714,-0.11425056
2024-07-23 00:00:00,0.7987,0.051889899,0,0.5,0,-0.396250661,-0.11425056
2024-07-24 00:00:00,0.739,-0.074746463,-1,0,-0.037373232,-0.441378789,-0.147353878
2024-07-25 00:00:00,0.6979,-0.055615697,-1,0,0,-0.472446897,-0.147353878
2024-07-26 00:00:00,0.7262,0.040550222,-1,0,0,-0.451054501,-0.147353878
2024-07-27 00:00:00,0.7205,-0.007849077,-1,0,0,-0.455363217,-0.147353878
2024-07-28 00:00:00,0.7122,-0.011519778,-1,0,0,-0.461637312,-0.147353878
2024-07-29 00:00:00,0.7036,-0.01207526,-1,0,0,-0.468138181,-0.147353878
2024-07-30 00:00:00,0.6776,-0.036952814,-1,0,0,-0.487791972,-0.147353878
2024-07-31 00:00:00,0.6571,-0.030253837,-1,0,0,-0.50328823,-0.147353878
2024-08-01 00:00:00,0.6534,-0.005630802,-1,0,0,-0.506085116,-0.147353878
2024-08-02 00:00:00,0.603,-0.077134986,-1,0,0,-0.544183234,-0.147353878
2024-08-03 00:00:00,0.607,0.006633499,-1,0,0,-0.541159574,-0.147353878
2024-08-04 00:00:00,0.5648,-0.069522241,-1,0,0,-0.573059188,-0.147353878
2024-08-05 00:00:00,0.4816,-0.147308782,-1,0,0,-0.635951319,-0.147353878
2024-08-06 00:00:00,0.5022,0.042774086,-1,0,0,-0.620379469,-0.147353878
2024-08-07 00:00:00,0.4843,-0.03564317,-1,0,0,-0.633910348,-0.147353878
2024-08-08 00:00:00,0.5546,0.14515796,-1,0,0,-0.580769522,-0.147353878
2024-08-09 00:00:00,0.5772,0.04075009,-1,0,0,-0.563685842,-0.147353878
2024-08-10 00:00:00,0.577,-0.0003465,-1,0,0,-0.563837025,-0.147353878
2024-08-11 00:00:00,0.5519,-0.043500867,-1,0,0,-0.582810492,-0.147353878
2024-08-12 00:00:00,0.5888,0.066859938,-1,0,0,-0.554917227,-0.147353878
2024-08-13 00:00:00,0.5785,-0.017493207,-1,0,0,-0.562703152,-0.147353878
2024-08-14 00:00:00,0.5613,-0.029732066,-1,0,0,-0.575704891,-0.147353878
2024-08-15 00:00:00,0.5356,-0.045786567,-1,0,0,-0.595131907,-0.147353878
2024-08-16 00:00:00,0.5333,-0.004294249,-1,0,0,-0.596870512,-0.147353878
2024-08-17 00:00:00,0.5399,0.012375773,-1,0,0,-0.591881473,-0.147353878
2024-08-18 00:00:00,0.5365,-0.006297462,-1,0,0,-0.594451584,-0.147353878
2024-08-19 00:00:00,0.5402,0.006896552,-1,0,0,-0.591654698,-0.147353878
2024-08-20 00:00:00,0.5351,-0.009440948,-1,0,0,-0.595509865,-0.147353878
2024-08-21 00:00:00,0.5527,0.032891048,-1,0,0,-0.58220576,-0.147353878
2024-08-22 00:00:00,0.5615,0.015921838,-1,0,0,-0.575553708,-0.147353878
2024-08-23 00:00:00,0.6026,0.073196794,-1,0,0,-0.5444856,-0.147353878
2024-08-24 00:00:00,0.6214,0.031198141,-1,0,0,-0.530274397,-0.147353878
2024-08-25 00:00:00,0.5973,-0.038783392,-1,0,0,-0.54849195,-0.147353878
2024-08-26 00:00:00,0.5706,-0.044701155,-1,0,0,-0.568674881,-0.147353878
2024-08-27 00:00:00,0.5248,-0.080266386,-1,0,0,-0.60329579,-0.147353878
2024-08-28 00:00:00,0.5215,-0.00628811,-1,0,0,-0.605790309,-0.147353878
2024-08-29 00:00:00,0.5125,-0.01725791,-1,0,0,-0.612593544,-0.147353878
2024-08-30 00:00:00,0.5136,0.002146341,-1,0,0,-0.611762038,-0.147353878
2024-08-31 00:00:00,0.5137,0.000194704,-1,0,0,-0.611686446,-0.147353878
2024-09-01 00:00:00,0.4895,-0.047109208,-1,0,0,-0.62997959,-0.147353878
2024-09-02 00:00:00,0.5162,0.054545455,-1,0,0,-0.609796659,-0.147353878
2024-09-03 00:00:00,0.4938,-0.043394033,-1,0,0,-0.626729156,-0.147353878
2024-09-04 00:00:00,0.4969,0.006277845,0,0.5,0,-0.624385819,-0.147353878
2024-09-05 00:00:00,0.4969,0,-1,0,0,-0.624385819,-0.147353878
2024-09-06 00:00:00,0.4804,-0.033205876,-1,0,0,-0.636858417,-0.147353878
2024-09-07 00:00:00,0.5009,0.042672773,-1,0,0,-0.621362159,-0.147353878
2024-09-08 00:00:00,0.5084,0.014973049,-1,0,0,-0.615692796,-0.147353878
2024-09-09 00:00:00,0.5237,0.030094414,-1,0,0,-0.604127296,-0.147353878
2024-09-10 00:00:00,0.5332,0.018140157,-1,0,0,-0.596946103,-0.147353878
2024-09-11 00:00:00,0.5142,-0.035633908,-1,0,0,-0.611308489,-0.147353878
2024-09-12 00:00:00,0.5246,0.020225593,-1,0,0,-0.603446973,-0.147353878
2024-09-13 00:00:00,0.5366,0.022874571,-1,0,0,-0.594375992,-0.147353878
2024-09-14 00:00:00,0.5303,-0.011740589,-1,0,0,-0.599138257,-0.147353878
2024-09-15 00:00:00,0.5106,-0.037148784,-1,0,0,-0.614029783,-0.147353878
2024-09-16 00:00:00,0.5102,-0.000783392,-1,0,0,-0.614332149,-0.147353878
2024-09-17 00:00:00,0.5216,0.022344179,-1,0,0,-0.605714718,-0.147353878
2024-09-18 00:00:00,0.5289,0.013995399,-1,0,0,-0.600196538,-0.147353878
2024-09-19 00:00:00,0.5573,0.053696351,0,0.5,0,-0.578728551,-0.147353878
2024-09-20 00:00:00,0.5771,0.035528441,0,0.5,0.01776422,-0.563761433,-0.132207285
2024-09-21 00:00:00,0.6155,0.066539595,0,0.5,0.033269797,-0.534734296,-0.103335997
2024-09-22 00:00:00,0.5995,-0.025995126,-1,0,-0.012997563,-0.546828936,-0.114990444
2024-09-23 00:00:00,0.5985,-0.001668057,-1,0,0,-0.547584851,-0.114990444
2024-09-24 00:00:00,0.6139,0.025730994,0,0.5,0,-0.53594376,-0.114990444
2024-09-25 00:00:00,0.5982,-0.025574198,0,0.5,-0.012787099,-0.547811626,-0.126307149
2024-09-26 00:00:00,0.6196,0.035773989,0,0.5,0.017886994,-0.531635044,-0.11067941
2024-09-27 00:00:00,0.6676,0.077469335,0,0.5,0.038734668,-0.495351123,-0.076231872
2024-09-28 00:00:00,0.6469,-0.031006591,0,0.5,-0.015503295,-0.510998564,-0.090553322
2024-09-29 00:00:00,0.6453,-0.002473334,0,0.5,-0.001236667,-0.512208028,-0.091678005
2024-09-30 00:00:00,0.6039,-0.064156206,0,0.5,-0.032078103,-0.54350291,-0.120815252
2024-10-01 00:00:00,0.5502,-0.088922007,0,0.5,-0.044461003,-0.584095548,-0.159904688
2024-10-02 00:00:00,0.5314,-0.034169393,0,0.5,-0.017084696,-0.59830675,-0.174257461
2024-10-03 00:00:00,0.5335,0.003951825,0,0.5,0.001975913,-0.596719329,-0.172625866
2024-10-04 00:00:00,0.5649,0.058856607,0,0.5,0.029428304,-0.572983597,-0.148277649
2024-10-05 00:00:00,0.55,-0.02637635,0,0.5,-0.013188175,-0.584246731,-0.159510312
2024-10-06 00:00:00,0.5595,0.017272727,0,0.5,0.008636364,-0.577065538,-0.152251538
2024-10-07 00:00:00,0.5489,-0.018945487,0,0.5,-0.009472744,-0.585078237,-0.160282042
2024-10-08 00:00:00,0.5403,-0.015667699,0,0.5,-0.00783385,-0.591579107,-0.166860266
2024-10-09 00:00:00,0.5213,-0.035165649,-1,0,-0.017582824,-0.605941492,-0.181509215
2024-10-10 00:00:00,0.5252,0.007481297,-1,0,0,-0.602993424,-0.181509215
2024-10-11 00:00:00,0.5339,0.016565118,0,0.5,0,-0.596416963,-0.181509215
2024-10-12 00:00:00,0.5378,0.007304739,0,0.5,0.003652369,-0.593468894,-0.178519785
2024-10-13 00:00:00,0.5294,-0.015619189,-1,0,-0.007809595,-0.59981858,-0.184935212
2024-10-14 00:00:00,0.5648,0.066868153,0,0.5,0,-0.573059188,-0.184935212
2024-10-15 00:00:00,0.5677,0.005134561,0,0.5,0.00256728,-0.570867035,-0.182842712
2024-10-16 00:00:00,0.5571,-0.018671834,0,0.5,-0.009335917,-0.578879734,-0.190471625
2024-10-17 00:00:00,0.5467,-0.018668103,0,0.5,-0.009334051,-0.58674125,-0.198027804
2024-10-18 00:00:00,0.5633,0.030364002,0,0.5,0.015182001,-0.574193061,-0.185852261
2024-10-19 00:00:00,0.5659,0.004615658,0,0.5,0.002307829,-0.572227682,-0.183973348
2024-10-20 00:00:00,0.6128,0.082876833,0,0.5,0.041438417,-0.536775266,-0.150158495
2024-10-21 00:00:00,0.5879,-0.040633159,-1,0,-0.02031658,-0.555597551,-0.167424368
2024-10-22 00:00:00,0.5797,-0.01394795,-1,0,0,-0.561796054,-0.167424368
2024-10-23 00:00:00,0.5595,-0.03484561,-1,0,0,-0.577065538,-0.167424368
2024-10-24 00:00:00,0.5611,0.002859696,-1,0,0,-0.575856074,-0.167424368
2024-10-25 00:00:00,0.5064,-0.097487079,-1,0,0,-0.617204626,-0.167424368
2024-10-26 00:00:00,0.5142,0.015402844,-1,0,0,-0.611308489,-0.167424368
2024-10-27 00:00:00,0.5192,0.009723843,-1,0,0,-0.607528914,-0.167424368
2024-10-28 00:00:00,0.5225,0.006355932,-1,0,0,-0.605034394,-0.167424368
2024-10-29 00:00:00,0.5476,0.048038278,-1,0,0,-0.586060927,-0.167424368
2024-10-30 00:00:00,0.5573,0.01771366,-1,0,0,-0.578728551,-0.167424368
2024-10-31 00:00:00,0.5268,-0.054728154,-1,0,0,-0.601783959,-0.167424368
2024-11-01 00:00:00,0.5195,-0.013857251,-1,0,0,-0.607302139,-0.167424368
2024-11-02 00:00:00,0.5042,-0.029451396,-1,0,0,-0.618867639,-0.167424368
2024-11-03 00:00:00,0.4819,-0.044228481,-1,0,0,-0.635724545,-0.167424368
2024-11-04 00:00:00,0.4731,-0.01826105,-1,0,0,-0.642376597,-0.167424368
2024-11-05 00:00:00,0.4903,0.03635595,-1,0,0,-0.629374858,-0.167424368
2024-11-06 00:00:00,0.5488,0.119314705,-1,0,0,-0.585153829,-0.167424368
2024-11-07 00:00:00,0.581,0.058673469,0,0.5,0,-0.560813365,-0.167424368
2024-11-08 00:00:00,0.5918,0.01858864,0,0.5,0.00929432,-0.552649482,-0.159686143
2024-11-09 00:00:00,0.6199,0.047482258,0,0.5,0.023741129,-0.53140827,-0.139736144
2024-11-10 00:00:00,0.6295,0.015486369,0,0.5,0.007743184,-0.524151485,-0.133074962
2024-11-11 00:00:00,0.6722,0.067831612,0,0.5,0.033915806,-0.491873913,-0.103672501
2024-11-12 00:00:00,0.6306,-0.061886343,0,0.5,-0.030943172,-0.523319979,-0.131407716
2024-11-13 00:00:00,0.6126,-0.028544244,0,0.5,-0.014272122,-0.536926449,-0.143804371
2024-11-14 00:00:00,0.5806,-0.05223637,0,0.5,-0.026118185,-0.561115731,-0.166166647
2024-11-15 00:00:00,0.6069,0.045297968,0,0.5,0.022648984,-0.541235165,-0.147281169
2024-11-16 00:00:00,0.7257,0.195748888,0,0.5,0.097874444,-0.451432459,-0.063821787
2024-11-17 00:00:00,0.6746,-0.070414772,0,0.5,-0.035207386,-0.490059717,-0.096782175
2024-11-18 00:00:00,0.7391,0.095612215,0,0.5,0.047806107,-0.441303198,-0.053602847
2024-11-19 00:00:00,0.6924,-0.063184955,0,0.5,-0.031592477,-0.47660443,-0.083501877
2024-11-20 00:00:00,0.6724,-0.028885038,0,0.5,-0.014442519,-0.49172273,-0.096738419
2024-11-21 00:00:00,0.7792,0.158834027,1,1,0.079417014,-0.410991005,-0.025004081
2024-11-22 00:00:00,0.8096,0.039014374,1,1,0.039014374,-0.388011188,0.013034774
2024-11-23 00:00:00,0.856,0.057312253,1,1,0.057312253,-0.35293673,0.071094079
2024-11-24 00:00:00,0.8629,0.008060748,1,1,0.008060748,-0.347720916,0.079727898
2024-11-25 00:00:00,0.9057,0.049600185,1,1,0.049600185,-0.315367753,0.133282602
2024-11-26 00:00:00,0.8708,-0.038533731,1,1,-0.038533731,-0.341749187,0.089612995
2024-11-27 00:00:00,0.9683,0.111966008,1,1,0.111966008,-0.268047471,0.211612613
2024-11-28 00:00:00,0.9143,-0.055767841,1,1,-0.055767841,-0.308866883,0.144043594
2024-11-29 00:00:00,0.9312,0.018484086,1,1,0.018484086,-0.296091919,0.165190194
2024-11-30 00:00:00,0.9719,0.043707045,1,1,0.043707045,-0.265326177,0.216117214
2024-12-01 00:00:00,0.9699,-0.002057825,1,1,-0.002057825,-0.266838007,0.213614658
2024-12-02 00:00:00,1.0277,0.059593773,1,1,0.059593773,-0.223146118,0.285938534
2024-12-03 00:00:00,1.0458,0.017612144,1,1,0.017612144,-0.209464056,0.308586668
2024-12-04 00:00:00,1.1368,0.087014726,1,1,0.087014726,-0.140675788,0.422452978
2024-12-05 00:00:00,1.1025,-0.030172414,1,1,-0.030172414,-0.166603674,0.379534138
2024-12-06 00:00:00,1.1745,0.065306122,1,1,0.065306122,-0.112177791,0.469626163
2024-12-07 00:00:00,1.1641,-0.008854832,1,1,-0.008854832,-0.120039308,0.456612871
2024-12-08 00:00:00,1.1594,-0.004037454,1,1,-0.004037454,-0.123592108,0.450731863
2024-12-09 00:00:00,0.9598,-0.172158013,1,1,-0.172158013,-0.274472749,0.200976749
2024-12-10 00:00:00,0.9381,-0.022608877,1,1,-0.022608877,-0.290876106,0.173824013
2024-12-11 00:00:00,0.9993,0.065238248,1,1,0.065238248,-0.244614105,0.250402235
2024-12-12 00:00:00,1.0269,0.027619334,1,1,0.027619334,-0.22375085,0.284937511
2024-12-13 00:00:00,1.0339,0.006816633,1,1,0.006816633,-0.218459445,0.293696458
2024-12-14 00:00:00,0.9835,-0.048747461,1,1,-0.048747461,-0.256557563,0.23063204
2024-12-15 00:00:00,1.0169,0.033960346,1,1,0.033960346,-0.231310001,0.27242473
2024-12-16 00:00:00,1.0197,0.002753466,1,1,0.002753466,-0.229193439,0.275928309