date,close_price_NEIROUSDT,return_NEIROUSDT,signal_NEIROUSDT,position_NEIROUSDT,signal_return_NEIROUSDT,cum_return_NEIROUSDT,cum_signal_return_NEIROUSDT
2024-09-16 00:00:00,0.000359,,0,0.5,,,
2024-09-17 00:00:00,0.0006885,0.917827298,0,0.5,0.458913649,0.917827298,0.458913649
2024-09-18 00:00:00,0.000963,0.39869281,0,0.5,0.199346405,1.682451253,0.74974284
2024-09-19 00:00:00,0.0009187,-0.046002077,0,0.5,-0.023001038,1.559052925,0.709496938
2024-09-20 00:00:00,0.0008391,-0.086644171,0,0.5,-0.043322086,1.337325905,0.635437966
2024-09-21 00:00:00,0.0008093,-0.035514241,0,0.5,-0.017757121,1.254317549,0.606397296
2024-09-22 00:00:00,0.0008298,0.025330533,0,0.5,0.012665266,1.311420613,0.626742746
2024-09-23 00:00:00,0.0012618,0.520607375,0,0.5,0.260303688,2.514763231,1.050189881
2024-09-24 00:00:00,0.0012155,-0.036693612,0,0.5,-0.018346806,2.385793872,1.012575445
2024-09-25 00:00:00,0.001082,-0.109831345,0,0.5,-0.054915673,2.013927577,0.902053511
2024-09-26 00:00:00,0.001059,-0.021256932,0,0.5,-0.010628466,1.949860724,0.8818376
2024-09-27 00:00:00,0.0010742,0.014353163,0,0.5,0.007176582,1.992200557,0.895342761
2024-09-28 00:00:00,0.0011792,0.097747161,0,0.5,0.04887358,2.284679666,0.987974948
2024-09-29 00:00:00,0.0010832,-0.081411126,0,0.5,-0.040705563,2.017270195,0.907053308
2024-09-30 00:00:00,0.0011348,0.047636632,0,0.5,0.023818316,2.161002786,0.952476107
2024-10-01 00:00:00,0.000938,-0.17342263,0,0.5,-0.086711315,1.61281337,0.783174337
2024-10-02 00:00:00,0.0009327,-0.00565032,0,0.5,-0.00282516,1.598050139,0.778136584
2024-10-03 00:00:00,0.0009073,-0.027232765,0,0.5,-0.013616383,1.52729805,0.753924796
2024-10-04 00:00:00,0.0010579,0.165986994,0,0.5,0.082993497,1.946796657,0.899489149
2024-10-05 00:00:00,0.0009603,-0.092258247,0,0.5,-0.046129124,1.674930362,0.811867379
2024-10-06 00:00:00,0.0013157,0.370092679,0,0.5,0.18504634,2.664902507,1.147146805
2024-10-07 00:00:00,0.00164,0.246484761,0,0.5,0.12324238,3.568245125,1.411766289
2024-10-08 00:00:00,0.0017821,0.086646341,0,0.5,0.043323171,3.964066852,1.516251651
2024-10-09 00:00:00,0.0018403,0.0326581,0,0.5,0.01632905,4.126183844,1.55733965
2024-10-10 00:00:00,0.0016916,-0.080802043,0,0.5,-0.040401022,3.711977716,1.454020516
2024-10-11 00:00:00,0.0018719,0.106585481,0,0.5,0.053292741,4.214206128,1.584801995
2024-10-12 00:00:00,0.0020769,0.109514397,0,0.5,0.054757199,4.785236769,1.726338511
2024-10-13 00:00:00,0.0020407,-0.017429823,0,0.5,-0.008714912,4.684401114,1.702578712
2024-10-14 00:00:00,0.0021034,0.030724751,0,0.5,0.015362376,4.859052925,1.744096741
2024-10-15 00:00:00,0.0019885,-0.054625844,0,0.5,-0.027312922,4.538997214,1.669147441
2024-10-16 00:00:00,0.0019644,-0.012119688,0,0.5,-0.006059844,4.471866295,1.652972823
2024-10-17 00:00:00,0.001869,-0.048564447,0,0.5,-0.024282224,4.206128134,1.588552744
2024-10-18 00:00:00,0.0019589,0.048100589,0,0.5,0.024050294,4.456545961,1.650808199
2024-10-19 00:00:00,0.0018992,-0.030476288,0,0.5,-0.015238144,4.290250696,1.610414803
2024-10-20 00:00:00,0.0019028,0.001895535,0,0.5,0.000947767,4.300278552,1.612888869
2024-10-21 00:00:00,0.0017005,-0.106317007,0,0.5,-0.053158503,3.736768802,1.473991608
2024-10-22 00:00:00,0.0017269,0.015524846,0,0.5,0.007762423,3.810306407,1.493195776
2024-10-23 00:00:00,0.0014763,-0.145115525,0,0.5,-0.072557762,3.112256267,1.31229507
2024-10-24 00:00:00,0.0014525,-0.016121385,0,0.5,-0.008060692,3.045961003,1.293656371
2024-10-25 00:00:00,0.0014438,-0.005989673,0,0.5,-0.002994836,3.021727019,1.286787245
2024-10-26 00:00:00,0.0014519,0.005610195,0,0.5,0.002805098,3.044289694,1.293201906
2024-10-27 00:00:00,0.0016106,0.109305049,0,0.5,0.054652524,3.486350975,1.418531179
2024-10-28 00:00:00,0.0015788,-0.019744195,0,0.5,-0.009872097,3.397771588,1.394655204
2024-10-29 00:00:00,0.0017206,0.089815049,0,0.5,0.044907525,3.79275766,1.502193242
2024-10-30 00:00:00,0.0017443,0.013774265,0,0.5,0.006887132,3.858774373,1.519426178
2024-10-31 00:00:00,0.0016055,-0.079573468,0,0.5,-0.039786734,3.472144847,1.419186439
2024-11-01 00:00:00,0.0014707,-0.083961383,0,0.5,-0.041980691,3.096657382,1.31762732
2024-11-02 00:00:00,0.001417,-0.036513225,0,0.5,-0.018256612,2.947075209,1.275315296
2024-11-03 00:00:00,0.0013367,-0.056669019,0,0.5,-0.02833451,2.723398329,1.210845353
2024-11-04 00:00:00,0.0012662,-0.052741827,0,0.5,-0.026370913,2.527019499,1.152543341
2024-11-05 00:00:00,0.0013502,0.066340231,0,0.5,0.033170115,2.761002786,1.223943452
2024-11-06 00:00:00,0.0020908,0.548511332,0,0.5,0.274255666,4.823955432,1.833872544
2024-11-07 00:00:00,0.002253,0.077577961,0,0.5,0.03878898,5.275766017,1.943795571
2024-11-08 00:00:00,0.0022582,0.002308034,0,0.5,0.001154017,5.290250696,1.94719276
2024-11-09 00:00:00,0.0025991,0.150960942,0,0.5,0.075480471,6.239832869,2.169648259
2024-11-10 00:00:00,0.0027151,0.044630834,0,0.5,0.022315417,6.562952646,2.240380281
2024-11-11 00:00:00,0.0024726,-0.089315311,0,0.5,-0.044657655,5.887465181,2.095672495
2024-11-12 00:00:00,0.0027038,0.093504813,0,0.5,0.046752406,6.531476323,2.240402634
2024-11-13 00:00:00,0.0025105,-0.071491974,0,0.5,-0.035745987,5.993036212,2.124571243
2024-11-14 00:00:00,0.0020669,-0.176697869,0,0.5,-0.088348934,4.757381616,1.848518703
2024-11-15 00:00:00,0.0021874,0.058299869,0,0.5,0.029149935,5.093036212,1.931552837
2024-11-16 00:00:00,0.0020413,-0.066791625,0,0.5,-0.033395812,4.686072423,1.833651248
2024-11-17 00:00:00,0.002288,0.120854358,0,0.5,0.060427179,5.373259053,2.004880799
2024-11-18 00:00:00,0.0021052,-0.079895105,0,0.5,-0.039947552,4.864066852,1.884843166
2024-11-19 00:00:00,0.0020193,-0.040803724,0,0.5,-0.020401862,4.624791086,1.825986993
2024-11-20 00:00:00,0.0017247,-0.145892141,0,0.5,-0.07294607,3.804178273,1.619842347
2024-11-21 00:00:00,0.0019194,0.112889198,0,0.5,0.056444599,4.346518106,1.767718298
2024-11-22 00:00:00,0.001808,-0.058038971,0,0.5,-0.029019485,4.036211699,1.687400538
2024-11-23 00:00:00,0.0018135,0.003042035,0,0.5,0.001521018,4.051532033,1.691488121
2024-11-24 00:00:00,0.001795,-0.010201268,0,0.5,-0.005100634,4,1.677759825
2024-11-25 00:00:00,0.0018555,0.033704735,0,0.5,0.016852368,4.168523677,1.722886418
2024-11-26 00:00:00,0.0016898,-0.089302075,0,0.5,-0.044651037,3.706963788,1.601306715
2024-11-27 00:00:00,0.0017256,0.021185939,0,0.5,0.01059297,3.806685237,1.628862278
2024-11-28 00:00:00,0.0017721,0.026947149,0,0.5,0.013473574,3.936211699,1.664282449
2024-11-29 00:00:00,0.0019386,0.093956323,0,0.5,0.046978162,4.4,1.78944554
2024-11-30 00:00:00,0.0018707,-0.035025276,0,0.5,-0.017512638,4.21086351,1.740594991
2024-12-01 00:00:00,0.0020695,0.10627038,0,0.5,0.05313519,4.764623955,1.886217026
2024-12-02 00:00:00,0.0018328,-0.114375453,0,0.5,-0.057187727,4.105292479,1.721160836
2024-12-03 00:00:00,0.0016892,-0.078350065,0,0.5,-0.039175033,3.705292479,1.614559271
2024-12-04 00:00:00,0.0017345,0.026817428,0,0.5,0.013408714,3.831476323,1.649617149
2024-12-05 00:00:00,0.0017581,0.013606227,0,0.5,0.006803113,3.897214485,1.667642795
2024-12-06 00:00:00,0.0017893,0.017746431,0,0.5,0.008873215,3.984122563,1.691313364
2024-12-07 00:00:00,0.0019288,0.077963449,0,0.5,0.038981725,4.37270195,1.796225401
2024-12-08 00:00:00,0.0018968,-0.016590626,0,0.5,-0.008295313,4.28356546,1.773029835
2024-12-09 00:00:00,0.0017492,-0.077815268,0,0.5,-0.038907634,3.872423398,1.665137806
2024-12-10 00:00:00,0.001553,-0.112165561,0,0.5,-0.056082781,3.325905292,1.515669467
2024-12-11 00:00:00,0.001744,0.122987766,0,0.5,0.061493883,3.857938719,1.67036775
2024-12-12 00:00:00,0.0016699,-0.042488532,0,0.5,-0.021244266,3.651532033,1.613637747
2024-12-13 00:00:00,0.0017173,0.028384933,0,0.5,0.014192467,3.78356546,1.650731714
2024-12-14 00:00:00,0.0016216,-0.055727013,0,0.5,-0.027863507,3.516991643,1.576873033
2024-12-15 00:00:00,0.0016537,0.019795264,0,0.5,0.009897632,3.606406685,1.602377974
2024-12-16 00:00:00,0.0015604,-0.056418939,0,0.5,-0.02820947,3.346518106,1.528966271
2024-12-17 00:00:00,0.0015315,-0.018520892,0,0.5,-0.009260446,3.266016713,1.505546916