date,close_price_SUIUSDT,return_SUIUSDT,signal_SUIUSDT,position_SUIUSDT,signal_return_SUIUSDT,cum_return_SUIUSDT,cum_signal_return_SUIUSDT
2023-05-03 00:00:00,1.3932,,0,0.5,,,
2023-05-04 00:00:00,1.3295,-0.045722079,0,0.5,-0.022861039,-0.045722079,-0.022861039
2023-05-05 00:00:00,1.3059,-0.017751034,0,0.5,-0.008875517,-0.062661499,-0.031533653
2023-05-06 00:00:00,1.3291,0.017765526,0,0.5,0.008882763,-0.046009187,-0.022930996
2023-05-07 00:00:00,1.2419,-0.065608306,0,0.5,-0.032804153,-0.108598909,-0.054982917
2023-05-08 00:00:00,1.1359,-0.085353088,0,0.5,-0.042676544,-0.184682745,-0.09531298
2023-05-09 00:00:00,1.1826,0.041112774,0,0.5,0.020556387,-0.151162791,-0.076715884
2023-05-10 00:00:00,1.1783,-0.003636056,0,0.5,-0.001818028,-0.15424921,-0.07839444
2023-05-11 00:00:00,1.0727,-0.08962064,0,0.5,-0.04481032,-0.230045937,-0.11969188
2023-05-12 00:00:00,1.1144,0.03887387,0,0.5,0.019436935,-0.200114844,-0.102581389
2023-05-13 00:00:00,1.0989,-0.01390883,0,0.5,-0.006954415,-0.21124031,-0.10882241
2023-05-14 00:00:00,1.1581,0.053872054,0,0.5,0.026936027,-0.168748206,-0.084817627
2023-05-15 00:00:00,1.1919,0.029185735,0,0.5,0.014592868,-0.144487511,-0.071462491
2023-05-16 00:00:00,1.1645,-0.022988506,0,0.5,-0.011494253,-0.164154465,-0.082135336
2023-05-17 00:00:00,1.2121,0.040875912,0,0.5,0.020437956,-0.129988516,-0.063376059
2023-05-18 00:00:00,1.1409,-0.058741028,0,0.5,-0.029370514,-0.181093885,-0.090885185
2023-05-19 00:00:00,1.1303,-0.009290911,0,0.5,-0.004645455,-0.188702268,-0.095108437
2023-05-20 00:00:00,1.1238,-0.005750686,0,0.5,-0.002875343,-0.193367786,-0.097710311
2023-05-21 00:00:00,1.0724,-0.045737676,0,0.5,-0.022868838,-0.230261269,-0.118344627
2023-05-22 00:00:00,1.0497,-0.021167475,0,0.5,-0.010583737,-0.246554694,-0.127675836
2023-05-23 00:00:00,1.0525,0.002667429,0,0.5,0.001333714,-0.244544933,-0.126512405
2023-05-24 00:00:00,0.9775,-0.071258907,0,0.5,-0.035629454,-0.298377835,-0.157634291
2023-05-25 00:00:00,0.9816,0.004194373,0,0.5,0.002097187,-0.29543497,-0.155867693
2023-05-26 00:00:00,0.9906,0.009168704,0,0.5,0.004584352,-0.288975022,-0.151997893
2023-05-27 00:00:00,0.998,0.00747022,0,0.5,0.00373511,-0.283663508,-0.148830512
2023-05-28 00:00:00,1.061,0.063126253,0,0.5,0.031563126,-0.23844387,-0.121964942
2023-05-29 00:00:00,1.0391,-0.020640905,0,0.5,-0.010320452,-0.254163078,-0.131026661
2023-05-30 00:00:00,1.0004,-0.037243769,0,0.5,-0.018621884,-0.281940856,-0.147208582
2023-05-31 00:00:00,0.9739,-0.026489404,0,0.5,-0.013244702,-0.300961815,-0.15850355
2023-06-01 00:00:00,0.9455,-0.029161105,0,0.5,-0.014580552,-0.32134654,-0.170773033
2023-06-02 00:00:00,0.9411,-0.004653622,0,0.5,-0.002326811,-0.324504737,-0.172702488
2023-06-03 00:00:00,0.9332,-0.008394432,0,0.5,-0.004197216,-0.330175136,-0.176174834
2023-06-04 00:00:00,0.9601,0.028825547,0,0.5,0.014412773,-0.310867069,-0.164301229
2023-06-05 00:00:00,0.8162,-0.149880221,0,0.5,-0.07494011,-0.414154465,-0.226928587
2023-06-06 00:00:00,0.8312,0.018377849,0,0.5,0.009188924,-0.403387884,-0.219824892
2023-06-07 00:00:00,0.7569,-0.089388835,0,0.5,-0.044694418,-0.456718346,-0.254694365
2023-06-08 00:00:00,0.7283,-0.037785705,0,0.5,-0.018892852,-0.477246626,-0.268775314
2023-06-09 00:00:00,0.738,0.013318687,0,0.5,0.006659344,-0.470284238,-0.263905837
2023-06-10 00:00:00,0.6089,-0.174932249,0,0.5,-0.087466125,-0.562948608,-0.328289141
2023-06-11 00:00:00,0.6047,-0.006897684,0,0.5,-0.003448842,-0.56596325,-0.330605766
2023-06-12 00:00:00,0.6627,0.09591533,0,0.5,0.047957665,-0.524332472,-0.298503182
2023-06-13 00:00:00,0.6976,0.052663347,0,0.5,0.026331673,-0.499282228,-0.280031596
2023-06-14 00:00:00,0.65,-0.068233945,0,0.5,-0.034116972,-0.533448177,-0.304594739
2023-06-15 00:00:00,0.6484,-0.002461538,0,0.5,-0.001230769,-0.534596612,-0.305450622
2023-06-16 00:00:00,0.7068,0.090067859,0,0.5,0.04503393,-0.492678725,-0.274172334
2023-06-17 00:00:00,0.7538,0.066496887,0,0.5,0.033248444,-0.45894344,-0.250039694
2023-06-18 00:00:00,0.7194,-0.045635447,0,0.5,-0.022817724,-0.483634798,-0.267152081
2023-06-19 00:00:00,0.7846,0.090631081,0,0.5,0.045315541,-0.436836061,-0.233942681
2023-06-20 00:00:00,0.8186,0.043334183,0,0.5,0.021667092,-0.412431812,-0.217344447
2023-06-21 00:00:00,0.8309,0.015025654,0,0.5,0.007512827,-0.403603216,-0.211464491
2023-06-22 00:00:00,0.8022,-0.034540859,0,0.5,-0.01727043,-0.424203273,-0.225082839
2023-06-23 00:00:00,0.7978,-0.005484916,0,0.5,-0.002742458,-0.42736147,-0.227208016
2023-06-24 00:00:00,0.7523,-0.057031838,0,0.5,-0.028515919,-0.460020098,-0.24924489
2023-06-25 00:00:00,0.7447,-0.010102353,0,0.5,-0.005051176,-0.465475165,-0.253037086
2023-06-26 00:00:00,0.7258,-0.025379347,0,0.5,-0.012689674,-0.479041057,-0.262515802
2023-06-27 00:00:00,0.7197,-0.008404519,0,0.5,-0.00420226,-0.483419466,-0.265614902
2023-06-28 00:00:00,0.663,-0.078782826,0,0.5,-0.039391413,-0.52411714,-0.294543369
2023-06-29 00:00:00,0.6801,0.025791855,0,0.5,0.012895928,-0.511843239,-0.285445851
2023-06-30 00:00:00,0.6884,0.012204088,0,0.5,0.006102044,-0.505885731,-0.28108561
2023-07-01 00:00:00,0.6887,0.000435793,0,0.5,0.000217897,-0.505670399,-0.280928961
2023-07-02 00:00:00,0.6907,0.002904022,0,0.5,0.001452011,-0.504234855,-0.279884862
2023-07-03 00:00:00,0.6997,0.013030259,0,0.5,0.00651513,-0.497774907,-0.275193219
2023-07-04 00:00:00,0.6851,-0.020866085,0,0.5,-0.010433043,-0.508254378,-0.282755159
2023-07-05 00:00:00,0.6618,-0.034009634,0,0.5,-0.017004817,-0.524978467,-0.294951776
2023-07-06 00:00:00,0.6484,-0.020247809,0,0.5,-0.010123905,-0.534596612,-0.302089617
2023-07-07 00:00:00,0.6608,0.019123998,0,0.5,0.009561999,-0.525696239,-0.295416199
2023-07-08 00:00:00,0.6523,-0.012863196,0,0.5,-0.006431598,-0.531797301,-0.299947799
2023-07-09 00:00:00,0.6586,0.009658133,0,0.5,0.004829066,-0.527275337,-0.2965672
2023-07-10 00:00:00,0.6547,-0.005921652,0,0.5,-0.002960826,-0.530074648,-0.298649942
2023-07-11 00:00:00,0.6551,0.000610967,0,0.5,0.000305483,-0.529787539,-0.298435691
2023-07-12 00:00:00,0.6551,0,0,0.5,0,-0.529787539,-0.298435691
2023-07-13 00:00:00,0.6984,0.066096779,0,0.5,0.03304839,-0.49870801,-0.275250121
2023-07-14 00:00:00,0.6799,-0.026489118,0,0.5,-0.013244559,-0.511986793,-0.284849113
2023-07-15 00:00:00,0.6826,0.003971172,0,0.5,0.001985586,-0.510048808,-0.28342912
2023-07-16 00:00:00,0.6718,-0.015821858,0,0.5,-0.007910929,-0.517800746,-0.289097861
2023-07-17 00:00:00,0.7195,0.071003275,0,0.5,0.035501637,-0.48356302,-0.263859671
2023-07-18 00:00:00,0.7361,0.023071577,0,0.5,0.011535789,-0.471648005,-0.255367712
2023-07-19 00:00:00,0.7093,-0.036408097,0,0.5,-0.018204048,-0.490884295,-0.268923034
2023-07-20 00:00:00,0.6882,-0.029747639,0,0.5,-0.014873819,-0.506029285,-0.279796941
2023-07-21 00:00:00,0.6832,-0.00726533,0,0.5,-0.003632665,-0.509618145,-0.282413197
2023-07-22 00:00:00,0.6931,0.014490632,0,0.5,0.007245316,-0.502512202,-0.277214054
2023-07-23 00:00:00,0.6786,-0.020920502,0,0.5,-0.010460251,-0.512919897,-0.284774576
2023-07-24 00:00:00,0.6363,-0.062334218,0,0.5,-0.031167109,-0.543281654,-0.307066085
2023-07-25 00:00:00,0.6362,-0.000157159,0,0.5,-7.85793E-05,-0.543353431,-0.307120535
2023-07-26 00:00:00,0.634,-0.003458032,0,0.5,-0.001729016,-0.544932529,-0.308318535
2023-07-27 00:00:00,0.6299,-0.006466877,0,0.5,-0.003233438,-0.547875395,-0.310555044
2023-07-28 00:00:00,0.6294,-0.000793777,0,0.5,-0.000396888,-0.548234281,-0.310828677
2023-07-29 00:00:00,0.6383,0.014140451,0,0.5,0.007070226,-0.54184611,-0.30595608
2023-07-30 00:00:00,0.6196,-0.029296569,0,0.5,-0.014648285,-0.555268447,-0.316122633
2023-07-31 00:00:00,0.6317,0.019528728,0,0.5,0.009764364,-0.546583405,-0.309445005
2023-08-01 00:00:00,0.6465,0.023428843,0,0.5,0.011714421,-0.535960379,-0.301355553
2023-08-02 00:00:00,0.6136,-0.050889404,0,0.5,-0.025444702,-0.559575079,-0.319132353
2023-08-03 00:00:00,0.5922,-0.034876141,0,0.5,-0.01743807,-0.574935401,-0.331005371
2023-08-04 00:00:00,0.5919,-0.000506586,0,0.5,-0.000253293,-0.575150732,-0.331174822
2023-08-05 00:00:00,0.5916,-0.000506842,0,0.5,-0.000253421,-0.575366064,-0.331344317
2023-08-06 00:00:00,0.592,0.000676133,0,0.5,0.000338066,-0.575078955,-0.331118267
2023-08-07 00:00:00,0.5829,-0.015371622,0,0.5,-0.007685811,-0.58161068,-0.336259165
2023-08-08 00:00:00,0.5939,0.018871161,0,0.5,0.009435581,-0.573715188,-0.329996385
2023-08-09 00:00:00,0.5948,0.001515407,0,0.5,0.000757703,-0.573069193,-0.329488721
2023-08-10 00:00:00,0.605,0.017148621,0,0.5,0.008574311,-0.565747918,-0.323739549
2023-08-11 00:00:00,0.6047,-0.000495868,0,0.5,-0.000247934,-0.56596325,-0.323907217
2023-08-12 00:00:00,0.6074,0.004465024,0,0.5,0.002232512,-0.564025266,-0.322397832
2023-08-13 00:00:00,0.598,-0.015475798,0,0.5,-0.007737899,-0.570772323,-0.327641049
2023-08-14 00:00:00,0.5992,0.002006689,0,0.5,0.001003344,-0.569910996,-0.326966442
2023-08-15 00:00:00,0.5603,-0.064919893,0,0.5,-0.032459947,-0.597832328,-0.348813075
2023-08-16 00:00:00,0.5268,-0.059789399,0,0.5,-0.029894699,-0.621877692,-0.368280112
2023-08-17 00:00:00,0.4746,-0.099088838,0,0.5,-0.049544419,-0.659345392,-0.399578307
2023-08-18 00:00:00,0.4835,0.018752634,0,0.5,0.009376317,-0.652957221,-0.393948563
2023-08-19 00:00:00,0.5588,0.1557394,0,0.5,0.0778697,-0.598908987,-0.346755519
2023-08-20 00:00:00,0.5433,-0.02773801,0,0.5,-0.013869005,-0.610034453,-0.35581537
2023-08-21 00:00:00,0.5137,-0.05448187,0,0.5,-0.027240935,-0.631280505,-0.373363562
2023-08-22 00:00:00,0.5356,0.042631886,0,0.5,0.021315943,-0.615561298,-0.360006215
2023-08-23 00:00:00,0.6015,0.123039582,0,0.5,0.061519791,-0.568260121,-0.320633931
2023-08-24 00:00:00,0.5725,-0.048212801,0,0.5,-0.024106401,-0.58907551,-0.337011002
2023-08-25 00:00:00,0.5566,-0.027772926,0,0.5,-0.013886463,-0.600488085,-0.346217574
2023-08-26 00:00:00,0.5875,0.055515631,0,0.5,0.027757815,-0.578308929,-0.328070002
2023-08-27 00:00:00,0.583,-0.007659574,0,0.5,-0.003829787,-0.581538903,-0.330643351
2023-08-28 00:00:00,0.5469,-0.061921098,0,0.5,-0.030960549,-0.607450474,-0.351367001
2023-08-29 00:00:00,0.5447,-0.004022673,0,0.5,-0.002011337,-0.609029572,-0.35267162
2023-08-30 00:00:00,0.525,-0.036166697,0,0.5,-0.018083349,-0.623169681,-0.364377485
2023-08-31 00:00:00,0.5,-0.047619048,-1,0,-0.023809524,-0.641113982,-0.379511354
2023-09-01 00:00:00,0.4886,-0.0228,-1,0,0,-0.649296583,-0.379511354
2023-09-02 00:00:00,0.4905,0.003888661,-1,0,0,-0.647932817,-0.379511354
2023-09-03 00:00:00,0.4837,-0.013863405,-1,0,0,-0.652813666,-0.379511354
2023-09-04 00:00:00,0.4831,-0.001240438,-1,0,0,-0.65324433,-0.379511354
2023-09-05 00:00:00,0.4905,0.01531774,-1,0,0,-0.647932817,-0.379511354
2023-09-06 00:00:00,0.4815,-0.018348624,-1,0,0,-0.654392765,-0.379511354
2023-09-07 00:00:00,0.4855,0.008307373,-1,0,0,-0.651521677,-0.379511354
2023-09-08 00:00:00,0.4812,-0.008856849,-1,0,0,-0.654608096,-0.379511354
2023-09-09 00:00:00,0.4811,-0.000207814,-1,0,0,-0.654679874,-0.379511354
2023-09-10 00:00:00,0.4546,-0.055082104,-1,0,0,-0.673700833,-0.379511354
2023-09-11 00:00:00,0.4262,-0.062472503,-1,0,0,-0.694085558,-0.379511354
2023-09-12 00:00:00,0.4273,0.002580948,-1,0,0,-0.693296009,-0.379511354
2023-09-13 00:00:00,0.4423,0.035104142,-1,0,0,-0.682529429,-0.379511354
2023-09-14 00:00:00,0.4447,0.005426181,-1,0,0,-0.680806776,-0.379511354
2023-09-15 00:00:00,0.446,0.002923319,-1,0,0,-0.679873672,-0.379511354
2023-09-16 00:00:00,0.4662,0.04529148,-1,0,0,-0.665374677,-0.379511354
2023-09-17 00:00:00,0.4343,-0.068425568,-1,0,0,-0.688271605,-0.379511354
2023-09-18 00:00:00,0.4475,0.030393737,-1,0,0,-0.678797014,-0.379511354
2023-09-19 00:00:00,0.4539,0.014301676,-1,0,0,-0.674203273,-0.379511354
2023-09-20 00:00:00,0.4463,-0.016743776,-1,0,0,-0.679658341,-0.379511354
2023-09-21 00:00:00,0.4398,-0.014564194,-1,0,0,-0.684323859,-0.379511354
2023-09-22 00:00:00,0.4446,0.010914052,-1,0,0,-0.680878553,-0.379511354
2023-09-23 00:00:00,0.4458,0.002699055,-1,0,0,-0.680017227,-0.379511354
2023-09-24 00:00:00,0.4387,-0.015926424,-1,0,0,-0.685113408,-0.379511354
2023-09-25 00:00:00,0.4426,0.008889902,-1,0,0,-0.682314097,-0.379511354
2023-09-26 00:00:00,0.4383,-0.009715319,-1,0,0,-0.685400517,-0.379511354
2023-09-27 00:00:00,0.4371,-0.002737851,-1,0,0,-0.686261843,-0.379511354
2023-09-28 00:00:00,0.4472,0.023106841,-1,0,0,-0.679012346,-0.379511354
2023-09-29 00:00:00,0.4787,0.070438283,-1,0,0,-0.656402527,-0.379511354
2023-09-30 00:00:00,0.4698,-0.01859202,-1,0,0,-0.662790698,-0.379511354
2023-10-01 00:00:00,0.5068,0.078756918,0,0.5,0,-0.636233132,-0.379511354
2023-10-02 00:00:00,0.4659,-0.080702447,-1,0,-0.040351223,-0.665590009,-0.40454883
2023-10-03 00:00:00,0.4442,-0.046576519,-1,0,0,-0.681165662,-0.40454883
2023-10-04 00:00:00,0.4415,-0.006078343,-1,0,0,-0.683103646,-0.40454883
2023-10-05 00:00:00,0.4341,-0.016761042,-1,0,0,-0.688415159,-0.40454883
2023-10-06 00:00:00,0.4432,0.020962912,-1,0,0,-0.681883434,-0.40454883
2023-10-07 00:00:00,0.4424,-0.001805054,-1,0,0,-0.682457651,-0.40454883
2023-10-08 00:00:00,0.4375,-0.011075949,-1,0,0,-0.685974734,-0.40454883
2023-10-09 00:00:00,0.4157,-0.049828571,-1,0,0,-0.701622165,-0.40454883
2023-10-10 00:00:00,0.4158,0.000240558,-1,0,0,-0.701550388,-0.40454883
2023-10-11 00:00:00,0.4096,-0.014911015,-1,0,0,-0.706000574,-0.40454883
2023-10-12 00:00:00,0.4071,-0.006103516,-1,0,0,-0.707795004,-0.40454883
2023-10-13 00:00:00,0.4133,0.015229673,-1,0,0,-0.703344818,-0.40454883
2023-10-14 00:00:00,0.4155,0.00532301,-1,0,0,-0.701765719,-0.40454883
2023-10-15 00:00:00,0.4104,-0.012274368,-1,0,0,-0.705426357,-0.40454883
2023-10-16 00:00:00,0.4101,-0.000730994,-1,0,0,-0.705641688,-0.40454883
2023-10-17 00:00:00,0.3804,-0.072421361,-1,0,0,-0.726959518,-0.40454883
2023-10-18 00:00:00,0.3821,0.00446898,-1,0,0,-0.725739305,-0.40454883
2023-10-19 00:00:00,0.3699,-0.031928814,-1,0,0,-0.734496124,-0.40454883
2023-10-20 00:00:00,0.3824,0.033792917,-1,0,0,-0.725523974,-0.40454883
2023-10-21 00:00:00,0.3905,0.021182008,-1,0,0,-0.71971002,-0.40454883
2023-10-22 00:00:00,0.4041,0.034827145,-1,0,0,-0.70994832,-0.40454883
2023-10-23 00:00:00,0.421,0.041821331,-1,0,0,-0.697817973,-0.40454883
2023-10-24 00:00:00,0.4344,0.031828979,-1,0,0,-0.688199828,-0.40454883
2023-10-25 00:00:00,0.4373,0.006675875,-1,0,0,-0.686118289,-0.40454883
2023-10-26 00:00:00,0.4402,0.006631603,0,0.5,0,-0.68403675,-0.40454883
2023-10-27 00:00:00,0.4312,-0.020445252,-1,0,-0.010222626,-0.690496698,-0.410635905
2023-10-28 00:00:00,0.4674,0.083951763,0,0.5,0,-0.664513351,-0.410635905
2023-10-29 00:00:00,0.453,-0.030808729,-1,0,-0.015404365,-0.674849268,-0.419714684
2023-10-30 00:00:00,0.4634,0.022958057,-1,0,0,-0.667384439,-0.419714684
2023-10-31 00:00:00,0.4432,-0.04359085,-1,0,0,-0.681883434,-0.419714684
2023-11-01 00:00:00,0.4657,0.050767148,-1,0,0,-0.665733563,-0.419714684
2023-11-02 00:00:00,0.4591,-0.014172214,0,0.5,0,-0.670470858,-0.419714684
2023-11-03 00:00:00,0.4559,-0.006970159,0,0.5,-0.00348508,-0.672767729,-0.421737025
2023-11-04 00:00:00,0.5067,0.111427945,0,0.5,0.055713972,-0.63630491,-0.389519697
2023-11-05 00:00:00,0.5003,-0.012630748,0,0.5,-0.006315374,-0.640898651,-0.393375109
2023-11-06 00:00:00,0.5289,0.057165701,0,0.5,0.02858285,-0.62037037,-0.37603604
2023-11-07 00:00:00,0.5238,-0.009642655,0,0.5,-0.004821327,-0.624031008,-0.379044375
2023-11-08 00:00:00,0.5788,0.105001909,0,0.5,0.052500955,-0.584553546,-0.346443611
2023-11-09 00:00:00,0.5613,-0.030234969,0,0.5,-0.015117484,-0.597114556,-0.35632374
2023-11-10 00:00:00,0.6103,0.087297345,0,0.5,0.043648673,-0.561943727,-0.328228126
2023-11-11 00:00:00,0.5927,-0.028838276,0,0.5,-0.014419138,-0.574576514,-0.337914497
2023-11-12 00:00:00,0.6185,0.04352961,0,0.5,0.021764805,-0.556057996,-0.323504335
2023-11-13 00:00:00,0.6015,-0.027485853,0,0.5,-0.013742926,-0.568260121,-0.332801365
2023-11-14 00:00:00,0.5664,-0.058354115,0,0.5,-0.029177057,-0.593453919,-0.352268258
2023-11-15 00:00:00,0.6196,0.093926554,0,0.5,0.046963277,-0.555268447,-0.321848653
2023-11-16 00:00:00,0.5654,-0.087475791,0,0.5,-0.043737895,-0.594171691,-0.351509566
2023-11-17 00:00:00,0.5541,-0.019985851,0,0.5,-0.009992925,-0.602282515,-0.357989882
2023-11-18 00:00:00,0.5468,-0.013174517,0,0.5,-0.006587259,-0.607522251,-0.362218969
2023-11-19 00:00:00,0.5633,0.030175567,0,0.5,0.015087783,-0.595679012,-0.352596267
2023-11-20 00:00:00,0.5551,-0.014557074,0,0.5,-0.007278537,-0.601564743,-0.357308419
2023-11-21 00:00:00,0.5025,-0.094757701,0,0.5,-0.047378851,-0.639319552,-0.387758407
2023-11-22 00:00:00,0.5567,0.107860697,0,0.5,0.053930348,-0.600416308,-0.354740005
2023-11-23 00:00:00,0.5888,0.057661218,0,0.5,0.028830609,-0.577375825,-0.336136766
2023-11-24 00:00:00,0.627,0.064877717,0,0.5,0.032438859,-0.549956934,-0.314601801
2023-11-25 00:00:00,0.6554,0.045295056,1,1,0.022647528,-0.529572208,-0.299079226
2023-11-26 00:00:00,0.6351,-0.030973451,0,0.5,-0.030973451,-0.54414298,-0.320789161
2023-11-27 00:00:00,0.5931,-0.066131318,0,0.5,-0.033065659,-0.574289406,-0.343247715
2023-11-28 00:00:00,0.6184,0.042657225,0,0.5,0.021328612,-0.556129773,-0.329240101
2023-11-29 00:00:00,0.601,-0.028137128,0,0.5,-0.014068564,-0.568619007,-0.338676729
2023-11-30 00:00:00,0.5972,-0.006322795,0,0.5,-0.003161398,-0.57134654,-0.340767435
2023-12-01 00:00:00,0.613,0.026456798,1,1,0.013228399,-0.560005742,-0.332046843
2023-12-02 00:00:00,0.6258,0.020880914,1,1,0.020880914,-0.55081826,-0.318099371
2023-12-03 00:00:00,0.6158,-0.015979546,1,1,-0.015979546,-0.55799598,-0.328995834
2023-12-04 00:00:00,0.6293,0.021922702,1,1,0.021922702,-0.548306058,-0.314285609
2023-12-05 00:00:00,0.6448,0.024630542,1,1,0.024630542,-0.537180591,-0.297396092
2023-12-06 00:00:00,0.6207,-0.037375931,1,1,-0.037375931,-0.554478898,-0.323656567
2023-12-07 00:00:00,0.6721,0.082809731,1,1,0.082809731,-0.517585415,-0.26764875
2023-12-08 00:00:00,0.7038,0.0471656,1,1,0.0471656,-0.494832041,-0.233106963
2023-12-09 00:00:00,0.6786,-0.035805627,1,1,-0.035805627,-0.512919897,-0.260566049
2023-12-10 00:00:00,0.6932,0.021514884,1,1,0.021514884,-0.502440425,-0.244657213
2023-12-11 00:00:00,0.6296,-0.091748413,1,1,-0.091748413,-0.548090726,-0.313958716
2023-12-12 00:00:00,0.6606,0.049237611,1,1,0.049237611,-0.525839793,-0.280179682
2023-12-13 00:00:00,0.6535,-0.010747805,1,1,-0.010747805,-0.530935975,-0.28791617
2023-12-14 00:00:00,0.6554,0.002907422,1,1,0.002907422,-0.529572208,-0.285845842
2023-12-15 00:00:00,0.6182,-0.056759231,0,0.5,-0.056759231,-0.556273328,-0.326380683
2023-12-16 00:00:00,0.6326,0.023293433,1,1,0.011646716,-0.54593741,-0.31853523
2023-12-17 00:00:00,0.6112,-0.033828644,1,1,-0.033828644,-0.561297732,-0.341588259
2023-12-18 00:00:00,0.6109,-0.000490838,1,1,-0.000490838,-0.561513063,-0.341911432
2023-12-19 00:00:00,0.6793,0.111965952,1,1,0.111965952,-0.512417456,-0.268227919
2023-12-20 00:00:00,0.6885,0.013543353,1,1,0.013543353,-0.505813953,-0.258317271
2023-12-21 00:00:00,0.6887,0.000290487,1,1,0.000290487,-0.505670399,-0.258101822
2023-12-22 00:00:00,0.6959,0.010454479,1,1,0.010454479,-0.50050244,-0.250345663
2023-12-23 00:00:00,0.7544,0.084063802,1,1,0.084063802,-0.458512776,-0.187326869
2023-12-24 00:00:00,0.7148,-0.052492047,1,1,-0.052492047,-0.486936549,-0.229985745
2023-12-25 00:00:00,0.8174,0.143536654,1,1,0.143536654,-0.413293138,-0.119460476
2023-12-26 00:00:00,0.8851,0.082823587,1,1,0.082823587,-0.364699971,-0.046531034
2023-12-27 00:00:00,0.8312,-0.060897074,1,1,-0.060897074,-0.403387884,-0.104594504
2023-12-28 00:00:00,0.797,-0.041145332,1,1,-0.041145332,-0.427935688,-0.14143626
2023-12-29 00:00:00,0.8064,0.011794228,1,1,0.011794228,-0.42118863,-0.131310163
2023-12-30 00:00:00,0.8091,0.003348214,1,1,0.003348214,-0.419250646,-0.128401604
2023-12-31 00:00:00,0.7759,-0.041033247,1,1,-0.041033247,-0.443080678,-0.164166116
2024-01-01 00:00:00,0.8445,0.088413455,1,1,0.088413455,-0.393841516,-0.090267154
2024-01-02 00:00:00,0.9066,0.073534636,1,1,0.073534636,-0.349267873,-0.02337028
2024-01-03 00:00:00,0.8438,-0.069269799,1,1,-0.069269799,-0.394343956,-0.091021225
2024-01-04 00:00:00,0.8546,0.012799242,1,1,0.012799242,-0.386592018,-0.079386986
2024-01-05 00:00:00,0.9001,0.053241282,1,1,0.053241282,-0.353933391,-0.030372369
2024-01-06 00:00:00,0.8314,-0.076324853,1,1,-0.076324853,-0.40324433,-0.104379055
2024-01-07 00:00:00,0.8,-0.037767621,1,1,-0.037767621,-0.425782372,-0.138204527
2024-01-08 00:00:00,0.8607,0.075875,1,1,0.075875,-0.382213609,-0.072815796
2024-01-09 00:00:00,0.7981,-0.072731498,1,1,-0.072731498,-0.427146138,-0.140251291
2024-01-10 00:00:00,0.8421,0.055130936,1,1,0.055130936,-0.395564169,-0.09285254
2024-01-11 00:00:00,1.0934,0.298420615,1,1,0.298420615,-0.215188056,0.177858963
2024-01-12 00:00:00,1.1688,0.06895921,1,1,0.06895921,-0.161068045,0.259083186
2024-01-13 00:00:00,1.2897,0.103439425,1,1,0.103439425,-0.074289406,0.389322027
2024-01-14 00:00:00,1.2518,-0.029386679,1,1,-0.029386679,-0.101492966,0.348494466
2024-01-15 00:00:00,1.3721,0.096101614,1,1,0.096101614,-0.01514499,0.47808696
2024-01-16 00:00:00,1.2701,-0.074338605,1,1,-0.074338605,-0.088357738,0.368208038
2024-01-17 00:00:00,1.2936,0.01850248,1,1,0.01850248,-0.071490095,0.39352328
2024-01-18 00:00:00,1.1587,-0.104282622,1,1,-0.104282622,-0.168317542,0.248203018
2024-01-19 00:00:00,1.1657,0.006041253,1,1,0.006041253,-0.163293138,0.255743728
2024-01-20 00:00:00,1.102,-0.054645278,1,1,-0.054645278,-0.209015217,0.187123264
2024-01-21 00:00:00,1.0612,-0.037023593,1,1,-0.037023593,-0.238300316,0.143171695
2024-01-22 00:00:00,1.074,0.012061817,1,1,0.012061817,-0.229112834,0.156960422
2024-01-23 00:00:00,1.186,0.104283054,1,1,0.104283054,-0.148722366,0.277611789
2024-01-24 00:00:00,1.2919,0.089291737,1,1,0.089291737,-0.072710307,0.391691964
2024-01-25 00:00:00,1.1783,-0.087932503,1,1,-0.087932503,-0.15424921,0.269317007
2024-01-26 00:00:00,1.4584,0.237715353,1,1,0.237715353,0.046798737,0.571053147
2024-01-27 00:00:00,1.394,-0.044157981,1,1,-0.044157981,0.000574218,0.501678612
2024-01-28 00:00:00,1.3326,-0.044045911,1,1,-0.044045911,-0.043496985,0.435535809
2024-01-29 00:00:00,1.5621,0.172219721,1,1,0.172219721,0.121231697,0.682763385
2024-01-30 00:00:00,1.5446,-0.011202868,1,1,-0.011202868,0.108670686,0.663911609
2024-01-31 00:00:00,1.5179,-0.017286029,1,1,-0.017286029,0.089506173,0.635149185
2024-02-01 00:00:00,1.5248,0.004545754,1,1,0.004545754,0.0944588,0.642582171
2024-02-02 00:00:00,1.4616,-0.041448059,1,1,-0.041448059,0.049095607,0.574500329
2024-02-03 00:00:00,1.4379,-0.016215107,1,1,-0.016215107,0.03208441,0.548969638
2024-02-04 00:00:00,1.4647,0.018638292,1,1,0.018638292,0.051320701,0.577839786
2024-02-05 00:00:00,1.5744,0.074895883,1,1,0.074895883,0.130060293,0.696013491
2024-02-06 00:00:00,1.5174,-0.036204268,1,1,-0.036204268,0.089147287,0.634610563
2024-02-07 00:00:00,1.5404,0.015157506,1,1,0.015157506,0.105656044,0.659387183
2024-02-08 00:00:00,1.5258,-0.009478058,1,1,-0.009478058,0.095176572,0.643659416
2024-02-09 00:00:00,1.7618,0.154672958,1,1,0.154672958,0.264570772,0.89788908
2024-02-10 00:00:00,1.7313,-0.01731184,1,1,-0.01731184,0.242678725,0.865033128
2024-02-11 00:00:00,1.6943,-0.021371224,1,1,-0.021371224,0.21612116,0.825175087
2024-02-12 00:00:00,1.7619,0.039898483,1,1,0.039898483,0.26464255,0.897996805
2024-02-13 00:00:00,1.8568,0.053862308,1,1,0.053862308,0.332759116,1.000227293
2024-02-14 00:00:00,1.9073,0.027197329,1,1,0.027197329,0.369006604,1.054628132
2024-02-15 00:00:00,1.8647,-0.022335238,1,1,-0.022335238,0.338429515,1.008737523
2024-02-16 00:00:00,1.8082,-0.03029978,1,1,-0.03029978,0.297875395,0.947873218
2024-02-17 00:00:00,1.769,-0.021679018,1,1,-0.021679018,0.269738731,0.905645239
2024-02-18 00:00:00,1.8007,0.017919729,1,1,0.017919729,0.292492105,0.939793885
2024-02-19 00:00:00,1.775,-0.014272227,1,1,-0.014272227,0.274045363,0.912108705
2024-02-20 00:00:00,1.7189,-0.031605634,1,1,-0.031605634,0.233778352,0.851675298
2024-02-21 00:00:00,1.6937,-0.014660539,1,1,-0.014660539,0.215690497,0.824528741
2024-02-22 00:00:00,1.7198,0.015410049,1,1,0.015410049,0.234424347,0.852644818
2024-02-23 00:00:00,1.6043,-0.067158972,1,1,-0.067158972,0.151521677,0.728223096
2024-02-24 00:00:00,1.6374,0.020632051,1,1,0.020632051,0.175279931,0.763879884
2024-02-25 00:00:00,1.6472,0.005985098,1,1,0.005985098,0.182314097,0.774436879
2024-02-26 00:00:00,1.6723,0.01523798,1,1,0.01523798,0.200330175,0.801475712
2024-02-27 00:00:00,1.6168,-0.033187825,1,1,-0.033187825,0.160493827,0.741688651
2024-02-28 00:00:00,1.5854,-0.019421079,1,1,-0.019421079,0.137955785,0.707863178
2024-02-29 00:00:00,1.6778,0.058281822,1,1,0.058281822,0.204277921,0.807400556
2024-03-01 00:00:00,1.6921,0.008523066,1,1,0.008523066,0.214542061,0.82280515
2024-03-02 00:00:00,1.6234,-0.040600437,1,1,-0.040600437,0.165231123,0.748798463
2024-03-03 00:00:00,1.5617,-0.038006653,1,1,-0.038006653,0.120944588,0.682332488
2024-03-04 00:00:00,1.4882,-0.047064097,1,1,-0.047064097,0.068188343,0.603155028
2024-03-05 00:00:00,1.3964,-0.061685257,0,0.5,-0.061685257,0.002296871,0.504263998
2024-03-06 00:00:00,1.4769,0.057648238,0,0.5,0.028824119,0.060077519,0.547623083
2024-03-07 00:00:00,1.5825,0.071501117,1,1,0.035750559,0.135874246,0.602951472
2024-03-08 00:00:00,1.5455,-0.023380727,1,1,-0.023380727,0.109316681,0.565473302
2024-03-09 00:00:00,1.5865,0.026528632,1,1,0.026528632,0.138745334,0.607003166
2024-03-10 00:00:00,1.5567,-0.018783486,0,0.5,-0.018783486,0.117355728,0.576818046
2024-03-11 00:00:00,1.5743,0.011305968,0,0.5,0.005652984,0.129988516,0.585731773
2024-03-12 00:00:00,1.601,0.016959919,0,0.5,0.008479959,0.149153029,0.599178713
2024-03-13 00:00:00,1.6231,0.013803873,0,0.5,0.006901936,0.165015791,0.610216143
2024-03-14 00:00:00,1.5687,-0.033516111,0,0.5,-0.016758056,0.125968992,0.583232051
2024-03-15 00:00:00,1.4935,-0.047937783,0,0.5,-0.023968891,0.071992535,0.545283734
2024-03-16 00:00:00,1.6352,0.094877804,0,0.5,0.047438902,0.173700833,0.618590298
2024-03-17 00:00:00,1.6198,-0.009417808,0,0.5,-0.004708904,0.162647143,0.610968511
2024-03-18 00:00:00,1.525,-0.058525744,0,0.5,-0.029262872,0.094602354,0.563826946
2024-03-19 00:00:00,1.6477,0.080459016,0,0.5,0.040229508,0.182672983,0.626738935
2024-03-20 00:00:00,1.7542,0.064635553,0,0.5,0.032317776,0.259115705,0.67931152
2024-03-21 00:00:00,1.8278,0.041956447,1,1,0.020978224,0.311943727,0.714540493
2024-03-22 00:00:00,1.7322,-0.052303315,1,1,-0.052303315,0.24332472,0.62486434
2024-03-23 00:00:00,1.6454,-0.050109687,0,0.5,-0.050109687,0.181022107,0.543442897
2024-03-24 00:00:00,1.68,0.021028321,1,1,0.010514161,0.20585702,0.559670903
2024-03-25 00:00:00,1.7052,0.015,1,1,0.015,0.223944875,0.583065967
2024-03-26 00:00:00,1.8873,0.106790992,1,1,0.106790992,0.354651163,0.752123152
2024-03-27 00:00:00,2.0778,0.100937848,1,1,0.100937848,0.491386736,0.928978692
2024-03-28 00:00:00,2.0239,-0.025940899,1,1,-0.025940899,0.452698823,0.878939251
2024-03-29 00:00:00,1.9056,-0.058451505,1,1,-0.058451505,0.367786391,0.769112425
2024-03-30 00:00:00,1.8824,-0.012174643,1,1,-0.012174643,0.35113408,0.747574112
2024-03-31 00:00:00,1.9157,0.017690183,1,1,0.017690183,0.375035889,0.778489018
2024-04-01 00:00:00,1.9415,0.013467662,1,1,0.013467662,0.393554407,0.802441106
2024-04-02 00:00:00,1.7346,-0.106567087,1,1,-0.106567087,0.245047373,0.610360208
2024-04-03 00:00:00,1.6693,-0.037645567,1,1,-0.037645567,0.198176859,0.549737285
2024-04-04 00:00:00,1.6845,0.009105613,1,1,0.009105613,0.209086994,0.563848593
2024-04-05 00:00:00,1.6089,-0.044879786,1,1,-0.044879786,0.154823428,0.493663403
2024-04-06 00:00:00,1.6259,0.010566225,1,1,0.010566225,0.167025553,0.509445787
2024-04-07 00:00:00,1.6431,0.010578756,1,1,0.010578756,0.179371232,0.525413846
2024-04-08 00:00:00,1.7114,0.041567768,1,1,0.041567768,0.228395062,0.588821895
2024-04-09 00:00:00,1.5764,-0.078882786,1,1,-0.078882786,0.131495837,0.463491198
2024-04-10 00:00:00,1.5226,-0.034128394,0,0.5,-0.034128394,0.092879701,0.413544594
2024-04-11 00:00:00,1.4915,-0.020425588,0,0.5,-0.010212794,0.070556991,0.399108354
2024-04-12 00:00:00,1.2389,-0.169359705,0,0.5,-0.084679852,-0.110752225,0.280632065
2024-04-13 00:00:00,1.06,-0.144402292,0,0.5,-0.072201146,-0.239161642,0.188168962
2024-04-14 00:00:00,1.1976,0.129811321,0,0.5,0.06490566,-0.14039621,0.265287853
2024-04-15 00:00:00,1.1706,-0.02254509,0,0.5,-0.011272545,-0.159776055,0.251024839
2024-04-16 00:00:00,1.223,0.044763369,0,0.5,0.022381685,-0.1221648,0.279024882
2024-04-17 00:00:00,1.2593,0.029681112,0,0.5,0.014840556,-0.096109676,0.298006323
2024-04-18 00:00:00,1.2541,-0.004129278,0,0.5,-0.002064639,-0.09984209,0.295326408
2024-04-19 00:00:00,1.3322,0.062275736,0,0.5,0.031137868,-0.043784094,0.335660111
2024-04-20 00:00:00,1.4263,0.07063504,0,0.5,0.03531752,0.023758254,0.382832313
2024-04-21 00:00:00,1.3691,-0.040103765,0,0.5,-0.020051882,-0.017298306,0.355103922
2024-04-22 00:00:00,1.3907,0.015776788,0,0.5,0.007888394,-0.00179443,0.365793515
2024-04-23 00:00:00,1.3252,-0.047098583,0,0.5,-0.023549292,-0.048808498,0.333630045
2024-04-24 00:00:00,1.2502,-0.056595231,0,0.5,-0.028297615,-0.102641401,0.295891495
2024-04-25 00:00:00,1.223,-0.021756519,0,0.5,-0.010878259,-0.1221648,0.281794451
2024-04-26 00:00:00,1.1736,-0.040392478,0,0.5,-0.020196239,-0.157622739,0.255907025
2024-04-27 00:00:00,1.2101,0.031100886,0,0.5,0.015550443,-0.13142406,0.275436935
2024-04-28 00:00:00,1.2166,0.005371457,0,0.5,0.002685728,-0.126758541,0.278862413
2024-04-29 00:00:00,1.1915,-0.020631267,0,0.5,-0.010315634,-0.14477462,0.265670136
2024-04-30 00:00:00,1.1425,-0.041124633,0,0.5,-0.020562316,-0.179945449,0.239645026
2024-05-01 00:00:00,1.1466,0.003588621,0,0.5,0.001794311,-0.177002584,0.241869335
2024-05-02 00:00:00,1.1202,-0.023024594,0,0.5,-0.011512297,-0.195951766,0.227572566
2024-05-03 00:00:00,1.111,-0.008212819,0,0.5,-0.00410641,-0.202555268,0.22253165
2024-05-04 00:00:00,1.0903,-0.018631863,0,0.5,-0.009315932,-0.21741315,0.211142629
2024-05-05 00:00:00,1.0952,0.004494176,0,0.5,0.002247088,-0.213896067,0.213864173
2024-05-06 00:00:00,1.0927,-0.002282688,0,0.5,-0.001141344,-0.215690497,0.212478736
2024-05-07 00:00:00,1.0795,-0.012080168,0,0.5,-0.006040084,-0.225165088,0.205155263
2024-05-08 00:00:00,1.0099,-0.064474294,0,0.5,-0.032237147,-0.275122021,0.166304496
2024-05-09 00:00:00,1.0255,0.015447074,0,0.5,0.007723537,-0.263924777,0.175312491
2024-05-10 00:00:00,1.0071,-0.017942467,-1,0,-0.008971234,-0.277131783,0.164768489
2024-05-11 00:00:00,0.9937,-0.013305531,-1,0,0,-0.286749928,0.164768489
2024-05-12 00:00:00,1.0035,0.009862131,-1,0,0,-0.279715762,0.164768489
2024-05-13 00:00:00,0.9688,-0.034578974,-1,0,0,-0.304622452,0.164768489
2024-05-14 00:00:00,0.8955,-0.075660611,-1,0,0,-0.357235142,0.164768489
2024-05-15 00:00:00,0.9914,0.107091011,-1,0,0,-0.288400804,0.164768489
2024-05-16 00:00:00,1.0236,0.032479322,-1,0,0,-0.265288544,0.164768489
2024-05-17 00:00:00,1.0753,0.050508011,-1,0,0,-0.22817973,0.164768489
2024-05-18 00:00:00,1.0807,0.005021854,-1,0,0,-0.224303761,0.164768489
2024-05-19 00:00:00,1.0264,-0.050245211,-1,0,0,-0.263278783,0.164768489
2024-05-20 00:00:00,1.1466,0.11710834,0,0.5,0,-0.177002584,0.164768489
2024-05-21 00:00:00,1.1412,-0.004709576,0,0.5,-0.002354788,-0.180878553,0.162025706
2024-05-22 00:00:00,1.1058,-0.031019979,-1,0,-0.015509989,-0.206287683,0.144002699
2024-05-23 00:00:00,1.0766,-0.026406222,-1,0,0,-0.227246626,0.144002699
2024-05-24 00:00:00,1.0677,-0.008266766,-1,0,0,-0.233634798,0.144002699
2024-05-25 00:00:00,1.063,-0.004401986,-1,0,0,-0.237008326,0.144002699
2024-05-26 00:00:00,1.042,-0.019755409,-1,0,0,-0.252081539,0.144002699
2024-05-27 00:00:00,1.075,0.031669866,-1,0,0,-0.228395062,0.144002699
2024-05-28 00:00:00,1.0311,-0.040837209,-1,0,0,-0.259905254,0.144002699
2024-05-29 00:00:00,1.017,-0.013674716,-1,0,0,-0.27002584,0.144002699
2024-05-30 00:00:00,1.0137,-0.003244838,-1,0,0,-0.272394488,0.144002699
2024-05-31 00:00:00,1.0237,0.009864852,-1,0,0,-0.265216767,0.144002699
2024-06-01 00:00:00,1.0238,9.76849E-05,-1,0,0,-0.26514499,0.144002699
2024-06-02 00:00:00,1.0165,-0.007130299,-1,0,0,-0.270384726,0.144002699
2024-06-03 00:00:00,1.0399,0.023020167,-1,0,0,-0.25358886,0.144002699
2024-06-04 00:00:00,1.0547,0.014232138,-1,0,0,-0.242965834,0.144002699
2024-06-05 00:00:00,1.1049,0.047596473,0,0.5,0,-0.206933678,0.144002699
2024-06-06 00:00:00,1.1139,0.008145534,0,0.5,0.004072767,-0.20047373,0.148661955
2024-06-07 00:00:00,1.081,-0.029535865,0,0.5,-0.014767932,-0.22408843,0.131698593
2024-06-08 00:00:00,1.1042,0.02146161,0,0.5,0.010730805,-0.207436118,0.14384263
2024-06-09 00:00:00,1.0941,-0.009146894,0,0.5,-0.004573447,-0.214685616,0.138611326
2024-06-10 00:00:00,1.0338,-0.055113792,0,0.5,-0.027556896,-0.25796727,0.107234732
2024-06-11 00:00:00,0.992,-0.040433353,-1,0,-0.020216676,-0.287970141,0.084850126
2024-06-12 00:00:00,1.0185,0.02671371,0,0.5,0,-0.268949182,0.084850126
2024-06-13 00:00:00,0.9657,-0.051840943,0,0.5,-0.025920471,-0.306847545,0.0567303
2024-06-14 00:00:00,0.929,-0.038003521,-1,0,-0.01900176,-0.333189779,0.036650564
2024-06-15 00:00:00,0.9441,0.016254037,-1,0,0,-0.322351421,0.036650564
2024-06-16 00:00:00,0.9694,0.026798009,-1,0,0,-0.304191789,0.036650564
2024-06-17 00:00:00,0.8902,-0.081700021,-1,0,0,-0.361039334,0.036650564
2024-06-18 00:00:00,0.7994,-0.101999551,-1,0,0,-0.426213035,0.036650564
2024-06-19 00:00:00,0.8645,0.081436077,-1,0,0,-0.379486075,0.036650564
2024-06-20 00:00:00,0.894,0.034123771,-1,0,0,-0.3583118,0.036650564
2024-06-21 00:00:00,0.9195,0.02852349,-1,0,0,-0.340008613,0.036650564
2024-06-22 00:00:00,0.8901,-0.031973899,-1,0,0,-0.361111111,0.036650564
2024-06-23 00:00:00,0.8804,-0.010897652,-1,0,0,-0.3680735,0.036650564
2024-06-24 00:00:00,0.8942,0.015674693,-1,0,0,-0.358168246,0.036650564
2024-06-25 00:00:00,0.8776,-0.01856408,-1,0,0,-0.370083262,0.036650564
2024-06-26 00:00:00,0.829,-0.055378304,-1,0,0,-0.404966982,0.036650564
2024-06-27 00:00:00,0.8362,0.008685163,-1,0,0,-0.399799024,0.036650564
2024-06-28 00:00:00,0.7904,-0.054771586,-1,0,0,-0.432672983,0.036650564
2024-06-29 00:00:00,0.7822,-0.010374494,-1,0,0,-0.438558714,0.036650564
2024-06-30 00:00:00,0.8195,0.047686014,-1,0,0,-0.411785817,0.036650564
2024-07-01 00:00:00,0.8087,-0.013178768,-1,0,0,-0.419537755,0.036650564
2024-07-02 00:00:00,0.8254,0.020650427,-1,0,0,-0.407550962,0.036650564
2024-07-03 00:00:00,0.7757,-0.06021323,-1,0,0,-0.443224232,0.036650564
2024-07-04 00:00:00,0.6733,-0.132009798,-1,0,0,-0.516724088,0.036650564
2024-07-05 00:00:00,0.6434,-0.044408139,-1,0,0,-0.538185472,0.036650564
2024-07-06 00:00:00,0.6934,0.077712154,-1,0,0,-0.502296871,0.036650564
2024-07-07 00:00:00,0.6397,-0.077444476,-1,0,0,-0.540841229,0.036650564
2024-07-08 00:00:00,0.673,0.052055651,-1,0,0,-0.51693942,0.036650564
2024-07-09 00:00:00,0.7429,0.103863299,-1,0,0,-0.466767155,0.036650564
2024-07-10 00:00:00,0.7371,-0.007807242,-1,0,0,-0.470930233,0.036650564
2024-07-11 00:00:00,0.7556,0.025098358,-1,0,0,-0.45765145,0.036650564
2024-07-12 00:00:00,0.748,-0.010058232,-1,0,0,-0.463106517,0.036650564
2024-07-13 00:00:00,0.7573,0.012433155,-1,0,0,-0.456431237,0.036650564
2024-07-14 00:00:00,0.8069,0.06549584,-1,0,0,-0.420829744,0.036650564
2024-07-15 00:00:00,0.8431,0.044863056,-1,0,0,-0.394846397,0.036650564
2024-07-16 00:00:00,0.8671,0.028466374,-1,0,0,-0.377619868,0.036650564
2024-07-17 00:00:00,0.8395,-0.031830239,-1,0,0,-0.397430376,0.036650564
2024-07-18 00:00:00,0.8103,-0.034782609,0,0.5,0,-0.41838932,0.036650564
2024-07-19 00:00:00,0.8538,0.053683821,-1,0,0.02684191,-0.387166236,0.064476245
2024-07-20 00:00:00,0.8495,-0.005036308,-1,0,0,-0.390252656,0.064476245
2024-07-21 00:00:00,0.8588,0.010947616,-1,0,0,-0.383577376,0.064476245
2024-07-22 00:00:00,0.8309,-0.032487191,-1,0,0,-0.403603216,0.064476245
2024-07-23 00:00:00,0.8141,-0.02021904,-1,0,0,-0.415661786,0.064476245
2024-07-24 00:00:00,0.7701,-0.054047414,-1,0,0,-0.447243755,0.064476245
2024-07-25 00:00:00,0.7492,-0.027139333,-1,0,0,-0.462245191,0.064476245
2024-07-26 00:00:00,0.7868,0.050186866,-1,0,0,-0.435256962,0.064476245
2024-07-27 00:00:00,0.7841,-0.003431622,-1,0,0,-0.437194947,0.064476245
2024-07-28 00:00:00,0.7491,-0.044637164,-1,0,0,-0.462316968,0.064476245
2024-07-29 00:00:00,0.7398,-0.012414898,-1,0,0,-0.468992248,0.064476245
2024-07-30 00:00:00,0.7071,-0.044201135,-1,0,0,-0.492463394,0.064476245
2024-07-31 00:00:00,0.7067,-0.000565691,-1,0,0,-0.492750502,0.064476245
2024-08-01 00:00:00,0.6956,-0.015706806,-1,0,0,-0.500717772,0.064476245
2024-08-02 00:00:00,0.6377,-0.083237493,-1,0,0,-0.542276773,0.064476245
2024-08-03 00:00:00,0.6099,-0.043594167,-1,0,0,-0.562230835,0.064476245
2024-08-04 00:00:00,0.5772,-0.053615347,-1,0,0,-0.585701981,0.064476245
2024-08-05 00:00:00,0.5344,-0.074151074,-1,0,0,-0.616422624,0.064476245
2024-08-06 00:00:00,0.6008,0.124251497,-1,0,0,-0.568762561,0.064476245
2024-08-07 00:00:00,0.6161,0.025466045,-1,0,0,-0.557780649,0.064476245
2024-08-08 00:00:00,0.8517,0.382405454,0,0.5,0,-0.388673557,0.064476245
2024-08-09 00:00:00,0.8554,0.004344253,0,0.5,0.002172126,-0.386017801,0.066788422
2024-08-10 00:00:00,0.9189,0.074234276,0,0.5,0.037117138,-0.340439276,0.106384555
2024-08-11 00:00:00,0.8731,-0.049842203,0,0.5,-0.024921101,-0.373313236,0.078812234
2024-08-12 00:00:00,1.014,0.161378994,0,0.5,0.080689497,-0.272179156,0.165861051
2024-08-13 00:00:00,0.9548,-0.058382643,0,0.5,-0.029191321,-0.31467126,0.131828026
2024-08-14 00:00:00,0.9334,-0.022413071,0,0.5,-0.011206535,-0.330031582,0.119144155
2024-08-15 00:00:00,0.8446,-0.095136062,-1,0,-0.047568031,-0.393769739,0.065908671
2024-08-16 00:00:00,0.8112,-0.039545347,-1,0,0,-0.417743325,0.065908671
2024-08-17 00:00:00,0.8275,0.020093688,0,0.5,0,-0.406043641,0.065908671
2024-08-18 00:00:00,0.8239,-0.004350453,-1,0,-0.002175227,-0.40862762,0.063590078
2024-08-19 00:00:00,0.9007,0.093215196,0,0.5,0,-0.353502728,0.063590078
2024-08-20 00:00:00,0.8703,-0.033751527,0,0.5,-0.016875763,-0.375322997,0.045641184
2024-08-21 00:00:00,0.8489,-0.024589222,0,0.5,-0.012294611,-0.390683319,0.032785432
2024-08-22 00:00:00,0.8516,0.003180587,0,0.5,0.001590293,-0.388745334,0.034427864
2024-08-23 00:00:00,1.0154,0.192343823,0,0.5,0.096171912,-0.271174275,0.133910769
2024-08-24 00:00:00,1.0179,0.002462084,0,0.5,0.001231042,-0.269379845,0.135306661
2024-08-25 00:00:00,0.9987,-0.018862364,0,0.5,-0.009431182,-0.283161068,0.124599377
2024-08-26 00:00:00,0.9261,-0.072694503,0,0.5,-0.036347251,-0.335271318,0.083723281
2024-08-27 00:00:00,0.8469,-0.085519922,0,0.5,-0.042759961,-0.392118863,0.037383316
2024-08-28 00:00:00,0.8092,-0.044515291,0,0.5,-0.022257646,-0.419178869,0.014293606
2024-08-29 00:00:00,0.8027,-0.008032625,0,0.5,-0.004016312,-0.423844387,0.010219886
2024-08-30 00:00:00,0.8313,0.03562975,0,0.5,0.017814875,-0.403316107,0.028216826
2024-08-31 00:00:00,0.7957,-0.042824492,0,0.5,-0.021412246,-0.428868791,0.006200395
2024-09-01 00:00:00,0.7601,-0.04474048,0,0.5,-0.02237024,-0.454421476,-0.016308549
2024-09-02 00:00:00,0.7864,0.03460071,0,0.5,0.017300355,-0.435544071,0.000709662
2024-09-03 00:00:00,0.7849,-0.001907426,0,0.5,-0.000953713,-0.436620729,-0.000244728
2024-09-04 00:00:00,0.8085,0.030067525,0,0.5,0.015033762,-0.419681309,0.014785355
2024-09-05 00:00:00,0.7964,-0.014965986,0,0.5,-0.007482993,-0.428366351,0.007191723
2024-09-06 00:00:00,0.837,0.050979407,0,0.5,0.025489704,-0.399224806,0.032864742
2024-09-07 00:00:00,0.8906,0.064038232,0,0.5,0.032019116,-0.360752225,0.065936158
2024-09-08 00:00:00,0.9385,0.053783966,0,0.5,0.026891983,-0.326370945,0.094601295
2024-09-09 00:00:00,0.9578,0.020564731,0,0.5,0.010282365,-0.312517944,0.105856385
2024-09-10 00:00:00,0.9173,-0.042284402,0,0.5,-0.021142201,-0.341587712,0.082476147
2024-09-11 00:00:00,0.9297,0.013517933,0,0.5,0.006758967,-0.332687339,0.089792567
2024-09-12 00:00:00,1.0385,0.117026998,1,1,0.058513499,-0.254593741,0.153560144
2024-09-13 00:00:00,1.0271,-0.010977371,1,1,-0.010977371,-0.262776342,0.140897086
2024-09-14 00:00:00,1.044,0.016454094,0,0.5,0.016454094,-0.250645995,0.159669514
2024-09-15 00:00:00,1.0781,0.032662835,0,0.5,0.016331418,-0.226169968,0.178608561
2024-09-16 00:00:00,1.0412,-0.034226881,1,1,-0.01711344,-0.252655757,0.158438514
2024-09-17 00:00:00,1.1685,0.122262774,1,1,0.122262774,-0.161283376,0.30007242
2024-09-18 00:00:00,1.3128,0.123491656,1,1,0.123491656,-0.057708872,0.460620516
2024-09-19 00:00:00,1.3785,0.050045704,1,1,0.050045704,-0.010551249,0.533718297
2024-09-20 00:00:00,1.4689,0.065578527,1,1,0.065578527,0.054335343,0.634297285
2024-09-21 00:00:00,1.4809,0.008169378,1,1,0.008169378,0.062948608,0.647648478
2024-09-22 00:00:00,1.5833,0.06914714,1,1,0.06914714,0.136448464,0.761578658
2024-09-23 00:00:00,1.5345,-0.030821702,1,1,-0.030821702,0.101421189,0.707283806
2024-09-24 00:00:00,1.7419,0.135158032,1,1,0.135158032,0.250287109,0.938036926
2024-09-25 00:00:00,1.6975,-0.025489408,1,1,-0.025489408,0.21841803,0.888637511
2024-09-26 00:00:00,1.6396,-0.034108984,1,1,-0.034108984,0.17685903,0.824218005
2024-09-27 00:00:00,1.6562,0.010124421,1,1,0.010124421,0.188774045,0.842687156
2024-09-28 00:00:00,1.6863,0.018174134,1,1,0.018174134,0.210378984,0.876176398
2024-09-29 00:00:00,1.758,0.042519125,1,1,0.042519125,0.261843239,0.955949776
2024-09-30 00:00:00,1.7736,0.00887372,1,1,0.00887372,0.273040482,0.973306327
2024-10-01 00:00:00,1.7561,-0.009866937,1,1,-0.009866937,0.260479472,0.953835837
2024-10-02 00:00:00,1.8541,0.055805478,1,1,0.055805478,0.330821131,1.06287058
2024-10-03 00:00:00,1.6615,-0.103877892,1,1,-0.103877892,0.192578237,0.848583932
2024-10-04 00:00:00,1.7713,0.066084863,1,1,0.066084863,0.271389607,0.970747349
2024-10-05 00:00:00,1.7533,-0.010162028,1,1,-0.010162028,0.25846971,0.950720559
2024-10-06 00:00:00,1.8396,0.049221468,1,1,0.049221468,0.320413437,1.046737889
2024-10-07 00:00:00,2.0167,0.096270928,1,1,0.096270928,0.447530864,1.243779246
2024-10-08 00:00:00,1.9853,-0.015569991,1,1,-0.015569991,0.424992822,1.208843624
2024-10-09 00:00:00,1.8742,-0.055961316,1,1,-0.055961316,0.345248349,1.085233829
2024-10-10 00:00:00,1.8333,-0.021822644,1,1,-0.021822644,0.315891473,1.039728512
2024-10-11 00:00:00,2.0534,0.120056728,1,1,0.120056728,0.473873098,1.284611644
2024-10-12 00:00:00,2.2408,0.091263271,1,1,0.091263271,0.608383577,1.493112775
2024-10-13 00:00:00,2.3421,0.045207069,1,1,0.045207069,0.681093885,1.605819096
2024-10-14 00:00:00,2.2492,-0.039665258,1,1,-0.039665258,0.614412862,1.50245861
2024-10-15 00:00:00,2.0582,-0.084919082,1,1,-0.084919082,0.477318404,1.289952121
2024-10-16 00:00:00,2.0817,0.011417744,1,1,0.011417744,0.494186047,1.316098208
2024-10-17 00:00:00,2.0245,-0.027477542,1,1,-0.027477542,0.453129486,1.252457521
2024-10-18 00:00:00,2.1242,0.049246728,1,1,0.049246728,0.524691358,1.363383683
2024-10-19 00:00:00,2.062,-0.029281612,1,1,-0.029281612,0.480045937,1.294179999
2024-10-20 00:00:00,2.1275,0.031765276,1,1,0.031765276,0.527060006,1.367055261
2024-10-21 00:00:00,2.0088,-0.055793184,1,1,-0.055793184,0.441860465,1.23498971
2024-10-22 00:00:00,1.9387,-0.034896456,1,1,-0.034896456,0.391544645,1.156996491
2024-10-23 00:00:00,1.9772,0.019858668,1,1,0.019858668,0.419178869,1.199831569
2024-10-24 00:00:00,1.9365,-0.020584665,1,1,-0.020584665,0.389965547,1.154548772
2024-10-25 00:00:00,1.7499,-0.096359411,1,1,-0.096359411,0.256029285,0.946937721
2024-10-26 00:00:00,1.7941,0.025258586,1,1,0.025258586,0.287754809,0.996114615
2024-10-27 00:00:00,1.7554,-0.021570704,1,1,-0.021570704,0.259977031,0.953057018
2024-10-28 00:00:00,1.7718,0.0093426,1,1,0.0093426,0.271748493,0.971303648
2024-10-29 00:00:00,2.0703,0.16847274,1,1,0.16847274,0.486003445,1.303414574
2024-10-30 00:00:00,2.082,0.005651355,1,1,0.005651355,0.494401378,1.316431988
2024-10-31 00:00:00,1.9705,-0.053554275,1,1,-0.053554275,0.414369796,1.192377153
2024-11-01 00:00:00,1.9892,0.009489977,1,1,0.009489977,0.427792133,1.213182762
2024-11-02 00:00:00,1.9071,-0.041272874,1,1,-0.041272874,0.368863049,1.121838349
2024-11-03 00:00:00,1.9447,0.019715799,1,1,0.019715799,0.395851278,1.163672088
2024-11-04 00:00:00,1.8482,-0.04962205,1,1,-0.04962205,0.326586276,1.056306244
2024-11-05 00:00:00,2.0075,0.086191971,1,1,0.086191971,0.440927361,1.233543331
2024-11-06 00:00:00,2.3035,0.147447073,1,1,0.147447073,0.653387884,1.562872759
2024-11-07 00:00:00,2.3193,0.006859127,1,1,0.006859127,0.664728682,1.580451829
2024-11-08 00:00:00,2.2874,-0.01375415,1,1,-0.01375415,0.641831754,1.544959908
2024-11-09 00:00:00,2.7497,0.202107196,1,1,0.202107196,0.973657766,2.059314619
2024-11-10 00:00:00,3.036,0.10412045,1,1,0.10412045,1.1791559,2.377851832
2024-11-11 00:00:00,3.2766,0.079249012,1,1,0.079249012,1.351851852,2.645543252
2024-11-12 00:00:00,3.2166,-0.018311665,1,1,-0.018311665,1.30878553,2.578787287
2024-11-13 00:00:00,3.3062,0.0278555,1,1,0.0278555,1.373097904,2.678476195
2024-11-14 00:00:00,3.3554,0.014881132,1,1,0.014881132,1.408412288,2.733216086
2024-11-15 00:00:00,3.6124,0.076592955,1,1,0.076592955,1.592879701,3.019154136
2024-11-16 00:00:00,3.7617,0.041329864,1,1,0.041329864,1.700043066,3.185265229
2024-11-17 00:00:00,3.7868,0.006672515,1,1,0.006672515,1.718059144,3.213191475
2024-11-18 00:00:00,3.703,-0.022129502,1,1,-0.022129502,1.657909848,3.119955644
2024-11-19 00:00:00,3.725,0.005941129,1,1,0.005941129,1.673700833,3.144432831
2024-11-20 00:00:00,3.5241,-0.053932886,1,1,-0.053932886,1.529500431,2.920911608
2024-11-21 00:00:00,3.6285,0.029624585,1,1,0.029624585,1.604435831,3.037066987
2024-11-22 00:00:00,3.567,-0.016949153,1,1,-0.016949153,1.560292851,2.968642123
2024-11-23 00:00:00,3.4395,-0.035744323,1,1,-0.035744323,1.468776916,2.826785697
2024-11-24 00:00:00,3.3975,-0.012211077,1,1,-0.012211077,1.438630491,2.780056522
2024-11-25 00:00:00,3.1938,-0.05995585,1,1,-0.05995585,1.292420327,2.55342002
2024-11-26 00:00:00,3.4955,0.094464275,1,1,0.094464275,1.50897215,2.889091264
2024-11-27 00:00:00,3.4354,-0.017193535,1,1,-0.017193535,1.465834051,2.822224039
2024-11-28 00:00:00,3.4444,0.002619782,1,1,0.002619782,1.472293999,2.832237434
2024-11-29 00:00:00,3.4883,0.012745326,1,1,0.012745326,1.503804192,2.881080549
2024-11-30 00:00:00,3.4774,-0.003124731,1,1,-0.003124731,1.495980477,2.868953215
2024-12-01 00:00:00,3.4804,0.000862714,1,1,0.000862714,1.498133793,2.872291013
2024-12-02 00:00:00,3.3926,-0.025226985,1,1,-0.025226985,1.435113408,2.774604784
2024-12-03 00:00:00,3.699,0.090314213,1,1,0.090314213,1.65503876,3.115505246
2024-12-04 00:00:00,3.6768,-0.006001622,1,1,-0.006001622,1.63910422,3.090805539
2024-12-05 00:00:00,4.2303,0.150538512,1,1,0.150538512,2.036391042,3.706629317
2024-12-06 00:00:00,4.2198,-0.002482093,1,1,-0.002482093,2.028854436,3.694947023
2024-12-07 00:00:00,4.2626,0.010142661,1,1,0.010142661,2.059575079,3.742566278
2024-12-08 00:00:00,4.2346,-0.006568761,1,1,-0.006568761,2.039477462,3.711413494
2024-12-09 00:00:00,3.8345,-0.09448354,1,1,-0.09448354,1.752296871,3.266262467
2024-12-10 00:00:00,3.7106,-0.032311905,1,1,-0.032311905,1.663364915,3.128411399
2024-12-11 00:00:00,4.3722,0.178300005,1,1,0.178300005,2.138242894,3.864507174
2024-12-12 00:00:00,4.6186,0.056356068,1,1,0.056356068,2.315101924,4.13865167
2024-12-13 00:00:00,4.7601,0.03063699,1,1,0.03063699,2.416666667,4.296084488
2024-12-14 00:00:00,4.4569,-0.063696141,1,1,-0.063696141,2.199038185,3.958744345
2024-12-15 00:00:00,4.7827,0.073100137,1,1,0.073100137,2.432888315,4.321229235
2024-12-16 00:00:00,4.6254,-0.032889372,1,1,-0.032889372,2.319982773,4.146217346
2024-12-17 00:00:00,4.5996,-0.005577896,1,1,-0.005577896,2.301464255,4.117512281