date,close_price_TONUSDT,return_TONUSDT,signal_TONUSDT,position_TONUSDT,signal_return_TONUSDT,cum_return_TONUSDT,cum_signal_return_TONUSDT
2024-03-01 00:00:00,2.712,,0,0.5,,,
2024-03-02 00:00:00,2.7198,0.002876106,0,0.5,0.001438053,0.002876106,0.001438053
2024-03-03 00:00:00,2.6767,-0.015846753,0,0.5,-0.007923377,-0.013016224,-0.006496718
2024-03-04 00:00:00,2.7328,0.020958643,0,0.5,0.010479322,0.007669617,0.003914522
2024-03-05 00:00:00,2.5951,-0.050387881,0,0.5,-0.02519394,-0.04310472,-0.02137804
2024-03-06 00:00:00,2.6841,0.034295403,0,0.5,0.017147701,-0.010287611,-0.004596923
2024-03-07 00:00:00,2.7557,0.026675608,0,0.5,0.013337804,0.016113569,0.008679568
2024-03-08 00:00:00,2.837,0.029502486,0,0.5,0.014751243,0.046091445,0.023558846
2024-03-09 00:00:00,2.8813,0.015615086,0,0.5,0.007807543,0.062426254,0.031550326
2024-03-10 00:00:00,2.8216,-0.020719814,0,0.5,-0.010359907,0.040412979,0.02086356
2024-03-11 00:00:00,3.2925,0.166891126,0,0.5,0.083445563,0.214048673,0.106050094
2024-03-12 00:00:00,4.0718,0.236689446,0,0.5,0.118344723,0.50140118,0.236945286
2024-03-13 00:00:00,4.3177,0.060390982,0,0.5,0.030195491,0.592072271,0.274295457
2024-03-14 00:00:00,4.0403,-0.064247169,0,0.5,-0.032123584,0.489786136,0.233360519
2024-03-15 00:00:00,3.8902,-0.037150707,0,0.5,-0.018575353,0.434439528,0.210450412
2024-03-16 00:00:00,3.5279,-0.093131459,0,0.5,-0.046565729,0.300848083,0.154084905
2024-03-17 00:00:00,3.8647,0.095467559,0,0.5,0.047733779,0.425036873,0.20917374
2024-03-18 00:00:00,3.8261,-0.009987839,0,0.5,-0.004993919,0.410803835,0.203135224
2024-03-19 00:00:00,3.7893,-0.009618149,0,0.5,-0.004809075,0.397234513,0.197349257
2024-03-20 00:00:00,4.2337,0.117277597,0,0.5,0.058638799,0.56109882,0.267560379
2024-03-21 00:00:00,4.0655,-0.039728842,0,0.5,-0.019864421,0.499078171,0.242381025
2024-03-22 00:00:00,4.4494,0.09442873,0,0.5,0.047214365,0.640634218,0.301039256
2024-03-23 00:00:00,4.8234,0.084056277,0,0.5,0.042028139,0.778539823,0.355719515
2024-03-24 00:00:00,4.9841,0.033316748,0,0.5,0.016658374,0.837794985,0.378303597
2024-03-25 00:00:00,5.3535,0.074115688,0,0.5,0.037057844,0.974004425,0.429380557
2024-03-26 00:00:00,5.0601,-0.054805268,0,0.5,-0.027402634,0.865818584,0.390211765
2024-03-27 00:00:00,4.9735,-0.017114286,0,0.5,-0.008557143,0.833886431,0.378315524
2024-03-28 00:00:00,4.9022,-0.014335981,0,0.5,-0.00716799,0.80759587,0.368435771
2024-03-29 00:00:00,5.0262,0.025294766,0,0.5,0.012647383,0.853318584,0.385742902
2024-03-30 00:00:00,5.2687,0.048247185,0,0.5,0.024123592,0.942735988,0.419171999
2024-03-31 00:00:00,5.428,0.030235162,0,0.5,0.015117581,1.001474926,0.440626447
2024-04-01 00:00:00,5.3517,-0.014056743,0,0.5,-0.007028371,0.973340708,0.430501189
2024-04-02 00:00:00,4.8562,-0.092587402,0,0.5,-0.046293701,0.790634218,0.364277995
2024-04-03 00:00:00,4.9544,0.020221572,0,0.5,0.010110786,0.826843658,0.378071918
2024-04-04 00:00:00,5.0986,0.029105442,0,0.5,0.014552721,0.880014749,0.398126614
2024-04-05 00:00:00,5.3252,0.044443573,0,0.5,0.022221786,0.963569322,0.429195485
2024-04-06 00:00:00,5.4907,0.031078645,0,0.5,0.015539322,1.024594395,0.451404214
2024-04-07 00:00:00,5.3584,-0.024095288,0,0.5,-0.012047644,0.975811209,0.433918213
2024-04-08 00:00:00,6.347,0.184495372,0,0.5,0.092247686,1.340339233,0.56619385
2024-04-09 00:00:00,6.7231,0.059256342,0,0.5,0.029628171,1.479019174,0.612597309
2024-04-10 00:00:00,6.7754,0.007779149,0,0.5,0.003889575,1.498303835,0.618869626
2024-04-11 00:00:00,7.2565,0.071006878,0,0.5,0.035503439,1.67570059,0.676345065
2024-04-12 00:00:00,6.6201,-0.087700682,0,0.5,-0.043850341,1.441039823,0.602836762
2024-04-13 00:00:00,5.9577,-0.100058911,0,0.5,-0.050029456,1.196792035,0.522647711
2024-04-14 00:00:00,6.7792,0.137888783,0,0.5,0.068944391,1.499705015,0.627625731
2024-04-15 00:00:00,6.5662,-0.031419637,0,0.5,-0.015709818,1.421165192,0.602056027
2024-04-16 00:00:00,6.3403,-0.03440346,0,0.5,-0.01720173,1.337868732,0.574497891
2024-04-17 00:00:00,6.0836,-0.040487043,0,0.5,-0.020243522,1.243215339,0.542624509
2024-04-18 00:00:00,6.5165,0.071158525,0,0.5,0.035579262,1.402839233,0.597509951
2024-04-19 00:00:00,6.0613,-0.069853449,0,0.5,-0.034926724,1.234992625,0.541714161
2024-04-20 00:00:00,6.211,0.024697672,0,0.5,0.012348836,1.29019174,0.560752537
2024-04-21 00:00:00,6.1334,-0.012493962,0,0.5,-0.006246981,1.261578171,0.551002545
2024-04-22 00:00:00,5.9302,-0.033130075,0,0.5,-0.016565037,1.186651917,0.52531013
2024-04-23 00:00:00,5.7098,-0.037165694,0,0.5,-0.018582847,1.105383481,0.496965525
2024-04-24 00:00:00,5.553,-0.027461557,0,0.5,-0.013730779,1.047566372,0.476411023
2024-04-25 00:00:00,5.3967,-0.028146948,0,0.5,-0.014073474,0.989933628,0.455632791
2024-04-26 00:00:00,5.3258,-0.013137658,0,0.5,-0.006568829,0.96379056,0.446070988
2024-04-27 00:00:00,5.3999,0.013913403,0,0.5,0.006956701,0.991113569,0.456130872
2024-04-28 00:00:00,5.4199,0.003703772,0,0.5,0.001851886,0.998488201,0.45882746
2024-04-29 00:00:00,5.3138,-0.019576007,0,0.5,-0.009788003,0.959365782,0.444548452
2024-04-30 00:00:00,5.164,-0.028190749,0,0.5,-0.014095374,0.904129794,0.424187001
2024-05-01 00:00:00,4.8806,-0.054879938,0,0.5,-0.027439969,0.799631268,0.385107354
2024-05-02 00:00:00,5.1302,0.051141253,0,0.5,0.025570627,0.891666667,0.420525417
2024-05-03 00:00:00,5.6884,0.108806674,0,0.5,0.054403337,1.097492625,0.49780674
2024-05-04 00:00:00,5.7496,0.010758737,0,0.5,0.005379369,1.120058997,0.505863994
2024-05-05 00:00:00,5.9684,0.038054821,0,0.5,0.019027411,1.200737463,0.534516687
2024-05-06 00:00:00,5.7792,-0.031700288,0,0.5,-0.015850144,1.130973451,0.510194376
2024-05-07 00:00:00,5.6493,-0.022477159,0,0.5,-0.01123858,1.083075221,0.493221936
2024-05-08 00:00:00,5.7593,0.019471439,0,0.5,0.009735719,1.123635693,0.507759526
2024-05-09 00:00:00,6.413,0.113503377,0,0.5,0.056751689,1.364675516,0.593327425
2024-05-10 00:00:00,6.7684,0.055418681,0,0.5,0.02770934,1.495722714,0.637477477
2024-05-11 00:00:00,6.8929,0.018394303,0,0.5,0.009197151,1.541629794,0.652537606
2024-05-12 00:00:00,6.9508,0.008399948,0,0.5,0.004199974,1.562979351,0.65947822
2024-05-13 00:00:00,7.0106,0.008603326,0,0.5,0.004301663,1.585029499,0.666616737
2024-05-14 00:00:00,6.843,-0.023906656,0,0.5,-0.011953328,1.523230088,0.646695121
2024-05-15 00:00:00,6.9926,0.021861757,0,0.5,0.010930878,1.57839233,0.664694944
2024-05-16 00:00:00,6.7855,-0.029617024,0,0.5,-0.014808512,1.502028024,0.64004329
2024-05-17 00:00:00,6.6291,-0.023049149,0,0.5,-0.011524574,1.444358407,0.621142489
2024-05-18 00:00:00,6.3989,-0.034725679,0,0.5,-0.01736284,1.359476401,0.592994852
2024-05-19 00:00:00,6.2592,-0.021831877,0,0.5,-0.010915939,1.307964602,0.575605817
2024-05-20 00:00:00,6.5523,0.046827071,0,0.5,0.023413535,1.416039823,0.61249632
2024-05-21 00:00:00,6.3212,-0.035270058,0,0.5,-0.017635029,1.330825959,0.584059901
2024-05-22 00:00:00,6.5426,0.035024995,0,0.5,0.017512498,1.412463127,0.611800746
2024-05-23 00:00:00,6.2098,-0.050866628,0,0.5,-0.025433314,1.289749263,0.570807311
2024-05-24 00:00:00,6.3874,0.028599955,0,0.5,0.014299977,1.355235988,0.593269821
2024-05-25 00:00:00,6.3849,-0.000391396,0,0.5,-0.000195698,1.354314159,0.592958021
2024-05-26 00:00:00,6.3174,-0.010571818,0,0.5,-0.005285909,1.329424779,0.58453779
2024-05-27 00:00:00,6.4039,0.013692342,0,0.5,0.006846171,1.361320059,0.595385807
2024-05-28 00:00:00,6.4718,0.010602914,0,0.5,0.005301457,1.386356932,0.603843676
2024-05-29 00:00:00,6.5064,0.005346272,0,0.5,0.002673136,1.399115044,0.608130968
2024-05-30 00:00:00,6.4661,-0.006193901,0,0.5,-0.003096951,1.384255162,0.603150665
2024-05-31 00:00:00,6.3384,-0.019749153,0,0.5,-0.009874577,1.337168142,0.587320231
2024-06-01 00:00:00,6.2941,-0.006989146,0,0.5,-0.003494573,1.320833333,0.581773225
2024-06-02 00:00:00,6.8336,0.085715194,0,0.5,0.042857597,1.519764012,0.649564224
2024-06-03 00:00:00,6.8174,-0.002370639,0,0.5,-0.00118532,1.51379056,0.647608964
2024-06-04 00:00:00,7.3322,0.075512659,0,0.5,0.037756329,1.703613569,0.70981663
2024-06-05 00:00:00,7.2088,-0.016829874,0,0.5,-0.008414937,1.658112094,0.695428631
2024-06-06 00:00:00,7.5471,0.046928754,0,0.5,0.023464377,1.782853982,0.735210808
2024-06-07 00:00:00,7.209,-0.044798664,0,0.5,-0.022399332,1.658185841,0.696343244
2024-06-08 00:00:00,6.9884,-0.030600638,0,0.5,-0.015300319,1.576843658,0.670388652
2024-06-09 00:00:00,7.1069,0.016956671,0,0.5,0.008478336,1.620538348,0.684550767
2024-06-10 00:00:00,7.2218,0.016167387,0,0.5,0.008083693,1.662905605,0.698168159
2024-06-11 00:00:00,6.9357,-0.039616162,0,0.5,-0.019808081,1.557411504,0.664530706
2024-06-12 00:00:00,7.4548,0.074844644,0,0.5,0.037422322,1.748820059,0.726821311
2024-06-13 00:00:00,7.7665,0.041811987,0,0.5,0.020905993,1.863753687,0.762922226
2024-06-14 00:00:00,8.1849,0.053872401,0,0.5,0.0269362,2.018030973,0.810408652
2024-06-15 00:00:00,7.9075,-0.033891679,0,0.5,-0.016945839,1.915744838,0.779729758
2024-06-16 00:00:00,7.939,0.00398356,0,0.5,0.00199178,1.927359882,0.783274588
2024-06-17 00:00:00,7.6898,-0.031389344,0,0.5,-0.015694672,1.835471976,0.755286678
2024-06-18 00:00:00,7.1118,-0.075164504,0,0.5,-0.037582252,1.622345133,0.689319052
2024-06-19 00:00:00,6.9503,-0.022708738,0,0.5,-0.011354369,1.562794985,0.670137901
2024-06-20 00:00:00,7.1397,0.027250622,0,0.5,0.013625311,1.632632743,0.692894049
2024-06-21 00:00:00,7.0966,-0.006036668,0,0.5,-0.003018334,1.616740413,0.687784329
2024-06-22 00:00:00,7.338,0.034016289,0,0.5,0.017008145,1.705752212,0.71649041
2024-06-23 00:00:00,7.4988,0.021913328,0,0.5,0.010956664,1.765044248,0.735297418
2024-06-24 00:00:00,7.4932,-0.000746786,0,0.5,-0.000373393,1.762979351,0.73464947
2024-06-25 00:00:00,7.4892,-0.000533817,0,0.5,-0.000266909,1.761504425,0.734186477
2024-06-26 00:00:00,7.6312,0.018960637,0,0.5,0.009480318,1.813864307,0.750627117
2024-06-27 00:00:00,7.7799,0.019485795,0,0.5,0.009742898,1.86869469,0.767683298
2024-06-28 00:00:00,7.4946,-0.036671423,0,0.5,-0.018335711,1.763495575,0.735271567
2024-06-29 00:00:00,7.608,0.015130894,1,1,0.007565447,1.805309735,0.748399673
2024-06-30 00:00:00,7.6603,0.006874343,1,1,0.006874343,1.824594395,0.760418771
2024-07-01 00:00:00,7.7349,0.009738522,1,1,0.009738522,1.85210177,0.777562648
2024-07-02 00:00:00,8.1016,0.047408499,1,1,0.047408499,1.987315634,0.861834225
2024-07-03 00:00:00,7.8745,-0.0280315,1,1,-0.0280315,1.903576696,0.809644219
2024-07-04 00:00:00,7.1172,-0.096171185,0,0.5,-0.096171185,1.624336283,0.63560859
2024-07-05 00:00:00,7.218,0.014162873,1,1,0.007081437,1.661504425,0.647191048
2024-07-06 00:00:00,7.5765,0.049667498,1,1,0.049667498,1.79369469,0.729002906
2024-07-07 00:00:00,7.0448,-0.070177523,0,0.5,-0.070177523,1.597640118,0.607665765
2024-07-08 00:00:00,7.1121,0.009553146,1,1,0.004776573,1.622455752,0.615344898
2024-07-09 00:00:00,7.3013,0.026602551,1,1,0.026602551,1.692219764,0.658317192
2024-07-10 00:00:00,7.2255,-0.010381713,1,1,-0.010381713,1.664269912,0.641101019
2024-07-11 00:00:00,7.3166,0.012608124,1,1,0.012608124,1.697861357,0.661792225
2024-07-12 00:00:00,7.3306,0.001913457,0,0.5,0.001913457,1.703023599,0.664971993
2024-07-13 00:00:00,7.2687,-0.008444056,0,0.5,-0.004222028,1.680199115,0.657942434
2024-07-14 00:00:00,7.4189,0.020663943,0,0.5,0.010331971,1.735582596,0.675072248
2024-07-15 00:00:00,7.6256,0.027861273,0,0.5,0.013930637,1.81179941,0.69840707
2024-07-16 00:00:00,7.2707,-0.0465406,0,0.5,-0.0232703,1.680936578,0.658884628
2024-07-17 00:00:00,7.0879,-0.025142008,0,0.5,-0.012571004,1.613532448,0.638030783
2024-07-18 00:00:00,7.2458,0.022277402,1,1,0.011138701,1.671755162,0.656276318
2024-07-19 00:00:00,7.2991,0.007355986,1,1,0.007355986,1.691408555,0.668459863
2024-07-20 00:00:00,7.2547,-0.006082942,1,1,-0.006082942,1.675036873,0.658310719
2024-07-21 00:00:00,7.1726,-0.011316802,1,1,-0.011316802,1.644764012,0.639543945
2024-07-22 00:00:00,6.9689,-0.028399743,0,0.5,-0.028399743,1.569653392,0.592981318
2024-07-23 00:00:00,6.8639,-0.01506694,0,0.5,-0.00753347,1.530936578,0.580980641
2024-07-24 00:00:00,6.8444,-0.00284095,0,0.5,-0.001420475,1.523746313,0.578734897
2024-07-25 00:00:00,6.6157,-0.033414178,0,0.5,-0.016707089,1.439417404,0.552358832
2024-07-26 00:00:00,6.7072,0.013830736,0,0.5,0.006915368,1.473156342,0.563093965
2024-07-27 00:00:00,6.6295,-0.011584566,0,0.5,-0.005792283,1.4445059,0.554040083
2024-07-28 00:00:00,6.6167,-0.001930764,0,0.5,-0.000965382,1.439786136,0.55253984
2024-07-29 00:00:00,6.6153,-0.000211586,0,0.5,-0.000105793,1.439269912,0.552375592
2024-07-30 00:00:00,6.7318,0.01761069,0,0.5,0.008805345,1.482227139,0.566044795
2024-07-31 00:00:00,6.7492,0.002584747,0,0.5,0.001292374,1.488643068,0.56806871
2024-08-01 00:00:00,6.7414,-0.001155693,0,0.5,-0.000577846,1.485766962,0.567162608
2024-08-02 00:00:00,6.1786,-0.083484143,0,0.5,-0.041742071,1.278244838,0.501745994
2024-08-03 00:00:00,5.9675,-0.034166316,0,0.5,-0.017083158,1.200405605,0.47609143
2024-08-04 00:00:00,6.0049,0.006267281,0,0.5,0.003133641,1.214196165,0.48071697
2024-08-05 00:00:00,5.2657,-0.123099469,-1,0,-0.061549734,0.941629794,0.389579234
2024-08-06 00:00:00,5.7479,0.09157377,-1,0,0,1.119432153,0.389579234
2024-08-07 00:00:00,5.4431,-0.053028062,-1,0,0,1.007042773,0.389579234
2024-08-08 00:00:00,6.2122,0.141298157,-1,0,0,1.290634218,0.389579234
2024-08-09 00:00:00,6.6158,0.064968932,-1,0,0,1.439454277,0.389579234
2024-08-10 00:00:00,6.6703,0.008237855,0,0.5,0,1.459550147,0.389579234
2024-08-11 00:00:00,6.2066,-0.069517113,0,0.5,-0.034758557,1.288569322,0.341279465
2024-08-12 00:00:00,6.268,0.009892695,-1,0,0.004946347,1.31120944,0.3479139
2024-08-13 00:00:00,6.4481,0.028733248,-1,0,0,1.377617994,0.3479139
2024-08-14 00:00:00,6.8878,0.06819063,0,0.5,0,1.539749263,0.3479139
2024-08-15 00:00:00,6.5927,-0.042843869,0,0.5,-0.021421934,1.430936578,0.319038976
2024-08-16 00:00:00,6.536,-0.008600422,0,0.5,-0.004300211,1.410029499,0.313366831
2024-08-17 00:00:00,6.4341,-0.015590575,0,0.5,-0.007795288,1.372455752,0.303128759
2024-08-18 00:00:00,6.8845,0.07000202,0,0.5,0.03500101,1.538532448,0.348739582
2024-08-19 00:00:00,6.8272,-0.008323045,0,0.5,-0.004161522,1.51740413,0.343126772
2024-08-20 00:00:00,6.661,-0.024343801,0,0.5,-0.012171901,1.456120944,0.326778366
2024-08-21 00:00:00,6.4919,-0.025386579,0,0.5,-0.012693289,1.393768437,0.309937185
2024-08-22 00:00:00,6.5018,0.001524977,0,0.5,0.000762489,1.397418879,0.310935997
2024-08-23 00:00:00,6.7015,0.030714571,0,0.5,0.015357286,1.471054572,0.331068415
2024-08-24 00:00:00,5.9176,-0.116973812,0,0.5,-0.058486906,1.1820059,0.253218342
2024-08-25 00:00:00,5.7674,-0.025381912,0,0.5,-0.012690956,1.126622419,0.237313804
2024-08-26 00:00:00,5.1279,-0.110881853,-1,0,-0.055440927,0.890818584,0.16871598
2024-08-27 00:00:00,5.4331,0.059517541,0,0.5,0,1.003355457,0.16871598
2024-08-28 00:00:00,5.5198,0.015957741,0,0.5,0.00797887,1.035324484,0.178041013
2024-08-29 00:00:00,5.4517,-0.012337404,0,0.5,-0.006168702,1.010213864,0.170774029
2024-08-30 00:00:00,5.3705,-0.014894437,0,0.5,-0.007447218,0.980272861,0.16205502
2024-08-31 00:00:00,5.4186,0.008956336,-1,0,0.004478168,0.99800885,0.167258897
2024-09-01 00:00:00,5.1816,-0.043738235,-1,0,0,0.910619469,0.167258897
2024-09-02 00:00:00,5.2154,0.006523082,-1,0,0,0.923082596,0.167258897
2024-09-03 00:00:00,4.8851,-0.063331672,-1,0,0,0.80129056,0.167258897
2024-09-04 00:00:00,4.6236,-0.053530122,-1,0,0,0.704867257,0.167258897
2024-09-05 00:00:00,4.8081,0.039903971,-1,0,0,0.77289823,0.167258897
2024-09-06 00:00:00,4.6542,-0.032008486,-1,0,0,0.716150442,0.167258897
2024-09-07 00:00:00,4.667,0.002750204,-1,0,0,0.720870206,0.167258897
2024-09-08 00:00:00,4.8932,0.048467967,-1,0,0,0.804277286,0.167258897
2024-09-09 00:00:00,5.218,0.06637783,-1,0,0,0.924041298,0.167258897
2024-09-10 00:00:00,5.5269,0.059198927,-1,0,0,1.037942478,0.167258897
2024-09-11 00:00:00,5.3843,-0.025801082,-1,0,0,0.985361357,0.167258897
2024-09-12 00:00:00,5.5788,0.036123544,-1,0,0,1.057079646,0.167258897
2024-09-13 00:00:00,5.7764,0.035419804,-1,0,0,1.129941003,0.167258897
2024-09-14 00:00:00,5.672,-0.018073541,-1,0,0,1.091445428,0.167258897
2024-09-15 00:00:00,5.5526,-0.021050776,-1,0,0,1.047418879,0.167258897
2024-09-16 00:00:00,5.4845,-0.012264525,-1,0,0,1.02230826,0.167258897
2024-09-17 00:00:00,5.5198,0.006436321,-1,0,0,1.035324484,0.167258897
2024-09-18 00:00:00,5.6389,0.021576869,-1,0,0,1.079240413,0.167258897
2024-09-19 00:00:00,5.68,0.007288656,-1,0,0,1.09439528,0.167258897
2024-09-20 00:00:00,5.5826,-0.017147887,-1,0,0,1.058480826,0.167258897
2024-09-21 00:00:00,5.6723,0.016067782,-1,0,0,1.091556047,0.167258897
2024-09-22 00:00:00,5.6194,-0.009326023,-1,0,0,1.072050147,0.167258897
2024-09-23 00:00:00,5.6379,0.003292166,-1,0,0,1.078871681,0.167258897
2024-09-24 00:00:00,5.6151,-0.004044059,-1,0,0,1.070464602,0.167258897
2024-09-25 00:00:00,5.7351,0.021370946,0,0.5,0,1.114712389,0.167258897
2024-09-26 00:00:00,5.7886,0.009328521,0,0.5,0.00466426,1.134439528,0.172703296
2024-09-27 00:00:00,5.9763,0.032425802,0,0.5,0.016212901,1.203650442,0.191716219
2024-09-28 00:00:00,5.88,-0.016113649,0,0.5,-0.008056824,1.168141593,0.182114771
2024-09-29 00:00:00,5.8427,-0.006343537,0,0.5,-0.003171769,1.154387906,0.178365376
2024-09-30 00:00:00,5.7056,-0.023465179,0,0.5,-0.011732589,1.103834808,0.164540099
2024-10-01 00:00:00,5.3722,-0.058433819,0,0.5,-0.02921691,0.980899705,0.130515836
2024-10-02 00:00:00,5.288,-0.015673281,0,0.5,-0.00783664,0.949852507,0.12165639
2024-10-03 00:00:00,5.33,0.007942511,0,0.5,0.003971256,0.965339233,0.126110774
2024-10-04 00:00:00,5.3967,0.012514071,0,0.5,0.006257036,0.989933628,0.133156889
2024-10-05 00:00:00,5.2319,-0.03053718,0,0.5,-0.01526859,0.929166667,0.115855181
2024-10-06 00:00:00,5.3127,0.01544372,0,0.5,0.00772186,0.958960177,0.124471659
2024-10-07 00:00:00,5.1931,-0.022512094,0,0.5,-0.011256047,0.914859882,0.111814553
2024-10-08 00:00:00,5.1965,0.000654715,0,0.5,0.000327357,0.916113569,0.112178514
2024-10-09 00:00:00,5.0634,-0.025613394,-1,0,-0.012806697,0.867035398,0.097935181
2024-10-10 00:00:00,5.1354,0.014219694,-1,0,0,0.893584071,0.097935181
2024-10-11 00:00:00,5.2083,0.014195584,-1,0,0,0.920464602,0.097935181
2024-10-12 00:00:00,5.2377,0.005644836,-1,0,0,0.93130531,0.097935181
2024-10-13 00:00:00,5.1917,-0.008782481,-1,0,0,0.914343658,0.097935181
2024-10-14 00:00:00,5.3195,0.024616214,-1,0,0,0.961467552,0.097935181
2024-10-15 00:00:00,5.2247,-0.017821224,-1,0,0,0.926511799,0.097935181
2024-10-16 00:00:00,5.2241,-0.000114839,-1,0,0,0.92629056,0.097935181
2024-10-17 00:00:00,5.1821,-0.008039662,-1,0,0,0.910803835,0.097935181
2024-10-18 00:00:00,5.2482,0.012755447,-1,0,0,0.935176991,0.097935181
2024-10-19 00:00:00,5.2669,0.003563126,-1,0,0,0.942072271,0.097935181
2024-10-20 00:00:00,5.3564,0.016992918,-1,0,0,0.975073746,0.097935181
2024-10-21 00:00:00,5.1969,-0.029777462,-1,0,0,0.916261062,0.097935181
2024-10-22 00:00:00,5.227,0.005791914,-1,0,0,0.927359882,0.097935181
2024-10-23 00:00:00,5.1397,-0.016701741,-1,0,0,0.895169617,0.097935181
2024-10-24 00:00:00,5.1296,-0.001965095,-1,0,0,0.891445428,0.097935181
2024-10-25 00:00:00,4.7741,-0.069303649,-1,0,0,0.760361357,0.097935181
2024-10-26 00:00:00,4.9225,0.031084393,-1,0,0,0.815081121,0.097935181
2024-10-27 00:00:00,4.997,0.015134586,-1,0,0,0.842551622,0.097935181
2024-10-28 00:00:00,5.0151,0.003622173,-1,0,0,0.849225664,0.097935181
2024-10-29 00:00:00,5.0202,0.001016929,-1,0,0,0.851106195,0.097935181
2024-10-30 00:00:00,4.9916,-0.005696984,-1,0,0,0.840560472,0.097935181
2024-10-31 00:00:00,4.8491,-0.028547961,-1,0,0,0.788016224,0.097935181
2024-11-01 00:00:00,4.8946,0.009383185,-1,0,0,0.80479351,0.097935181
2024-11-02 00:00:00,4.8754,-0.00392269,-1,0,0,0.797713864,0.097935181
2024-11-03 00:00:00,4.8184,-0.011691348,-1,0,0,0.776696165,0.097935181
2024-11-04 00:00:00,4.6975,-0.025091317,-1,0,0,0.732116519,0.097935181
2024-11-05 00:00:00,4.668,-0.006279936,-1,0,0,0.721238938,0.097935181
2024-11-06 00:00:00,4.7985,0.027956298,-1,0,0,0.769358407,0.097935181
2024-11-07 00:00:00,4.9104,0.023319787,-1,0,0,0.810619469,0.097935181
2024-11-08 00:00:00,4.9262,0.00321766,-1,0,0,0.816445428,0.097935181
2024-11-09 00:00:00,5.2441,0.0645325,0,0.5,0,0.933665192,0.097935181
2024-11-10 00:00:00,5.28,0.006845789,0,0.5,0.003422894,0.946902655,0.101693297
2024-11-11 00:00:00,5.5024,0.042121212,0,0.5,0.021060606,1.028908555,0.124895626
2024-11-12 00:00:00,5.472,-0.005524862,0,0.5,-0.002762431,1.017699115,0.121788179
2024-11-13 00:00:00,5.2623,-0.038322368,-1,0,-0.019161184,0.940376106,0.100293389
2024-11-14 00:00:00,5.2386,-0.004503734,0,0.5,0,0.931637168,0.100293389
2024-11-15 00:00:00,5.3848,0.02790822,0,0.5,0.01395411,0.985545723,0.115647004
2024-11-16 00:00:00,5.6519,0.049602585,0,0.5,0.024801293,1.084033923,0.143316492
2024-11-17 00:00:00,5.3867,-0.046922274,0,0.5,-0.023461137,0.986246313,0.116492987
2024-11-18 00:00:00,5.5824,0.036330221,0,0.5,0.01816511,1.05840708,0.136774205
2024-11-19 00:00:00,5.4499,-0.023735311,0,0.5,-0.011867655,1.009550147,0.123283361
2024-11-20 00:00:00,5.2917,-0.029028056,0,0.5,-0.014514028,0.951216814,0.106979995
2024-11-21 00:00:00,5.5114,0.041517849,0,0.5,0.020758924,1.032227139,0.129959709
2024-11-22 00:00:00,5.4545,-0.010324056,0,0.5,-0.005162028,1.011246313,0.124126825
2024-11-23 00:00:00,6.318,0.158309653,0,0.5,0.079154826,1.329646018,0.213106889
2024-11-24 00:00:00,6.1544,-0.02589427,0,0.5,-0.012947135,1.269321534,0.19740063
2024-11-25 00:00:00,6.0823,-0.011715196,0,0.5,-0.005857598,1.242735988,0.190386739
2024-11-26 00:00:00,6.1385,0.009239926,0,0.5,0.004619963,1.263458702,0.195886281
2024-11-27 00:00:00,6.3757,0.038641362,0,0.5,0.019320681,1.350921829,0.218991619
2024-11-28 00:00:00,6.4387,0.009881268,0,0.5,0.004940634,1.374151917,0.22501421
2024-11-29 00:00:00,6.4537,0.002329663,0,0.5,0.001164831,1.379682891,0.226441145
2024-11-30 00:00:00,6.8265,0.057765313,1,1,0.028882656,1.517146018,0.261864023
2024-12-01 00:00:00,6.8419,0.002255914,1,1,0.002255914,1.522824484,0.264710681
2024-12-02 00:00:00,6.5731,-0.039287332,1,1,-0.039287332,1.42370944,0.215023572
2024-12-03 00:00:00,6.7801,0.03149199,1,1,0.03149199,1.500036873,0.253287082
2024-12-04 00:00:00,6.9007,0.017787348,1,1,0.017787348,1.5445059,0.275579736
2024-12-05 00:00:00,6.7979,-0.014897039,1,1,-0.014897039,1.506600295,0.256577374
2024-12-06 00:00:00,6.8037,0.000853205,1,1,0.000853205,1.508738938,0.257649492
2024-12-07 00:00:00,6.8011,-0.000382145,1,1,-0.000382145,1.507780236,0.257168887
2024-12-08 00:00:00,6.7853,-0.002323154,1,1,-0.002323154,1.501954277,0.254248291
2024-12-09 00:00:00,5.7739,-0.149057521,0,0.5,-0.149057521,1.129019174,0.067293149
2024-12-10 00:00:00,5.9352,0.027936057,0,0.5,0.013968029,1.188495575,0.082201131
2024-12-11 00:00:00,6.3391,0.068051624,0,0.5,0.034025812,1.337426254,0.119023903
2024-12-12 00:00:00,6.3395,6.31004E-05,0,0.5,3.15502E-05,1.337573746,0.119059208
2024-12-13 00:00:00,6.3298,-0.001530089,0,0.5,-0.000765045,1.33399705,0.118203078
2024-12-14 00:00:00,6.2454,-0.013333755,0,0.5,-0.006666877,1.302876106,0.110748155
2024-12-15 00:00:00,6.3902,0.023185064,0,0.5,0.011592532,1.356268437,0.123624539
2024-12-16 00:00:00,6.0559,-0.052314482,0,0.5,-0.026157241,1.233001475,0.094233621
2024-12-17 00:00:00,5.8175,-0.039366568,0,0.5,-0.019683284,1.14509587,0.07269551
2024-12-18 00:00:00,5.4337,-0.065973356,-1,0,-0.032986678,1.003576696,0.037310849
2024-12-19 00:00:00,5.1987,-0.043248615,-1,0,0,0.916924779,0.037310849
2024-12-20 00:00:00,5.4489,0.048127416,0,0.5,0,1.009181416,0.037310849
2024-12-21 00:00:00,5.3105,-0.025399622,-1,0,-0.012699811,0.958148968,0.024137197
2024-12-22 00:00:00,5.3808,0.013237925,-1,0,0,0.984070796,0.024137197
2024-12-23 00:00:00,5.5975,0.040272822,-1,0,0,1.063974926,0.024137197
2024-12-24 00:00:00,5.7967,0.035587316,0,0.5,0,1.137426254,0.024137197
2024-12-25 00:00:00,5.9455,0.025669778,0,0.5,0.012834889,1.19229351,0.037281884
2024-12-26 00:00:00,5.732,-0.035909511,0,0.5,-0.017954756,1.113569322,0.018657741
2024-12-27 00:00:00,5.7319,-1.74459E-05,0,0.5,-8.72296E-06,1.113532448,0.018648856
2024-12-28 00:00:00,5.8104,0.013695284,0,0.5,0.006847642,1.142477876,0.025624198
2024-12-29 00:00:00,5.6314,-0.030806829,0,0.5,-0.015403415,1.076474926,0.009826084
2024-12-30 00:00:00,5.5782,-0.009447029,0,0.5,-0.004723515,1.056858407,0.005056155
2024-12-31 00:00:00,5.5038,-0.013337636,0,0.5,-0.006668818,1.029424779,-0.001646381
2025-01-01 00:00:00,5.5146,0.001962281,0,0.5,0.00098114,1.03340708,-0.000666856
2025-01-02 00:00:00,5.6493,0.024426069,0,0.5,0.012213034,1.083075221,0.011538034
2025-01-03 00:00:00,5.647,-0.00040713,0,0.5,-0.000203565,1.082227139,0.01133212