date,BTC,,momentum
2020-02-01,9338.2,,9338.2
2020-02-02,9300.64,,9300.64
2020-02-03,9198.35,,9198.35
2020-02-04,9630,,9630
2020-02-05,9778.12,,9778.12
2020-02-06,9821.52,,9821.52
2020-02-07,9906.43,,9906.43
2020-02-08,10167.38,,10167.38
2020-02-09,9865.56,,9865.56
2020-02-10,10229.06,,10229.06
2020-02-11,10339.99,,10339.99
2020-02-12,10239.63,,10239.63
2020-02-13,10356.82,,10356.82
2020-02-14,9914.99,,9914.99
2020-02-15,9921.86,,9921.86
2020-02-16,9716,,9716
2020-02-17,10174.32,,10174.32
2020-02-18,9593.65,,9593.65
2020-02-19,9601.99,,9601.99
2020-02-20,9681.39,,9681.39
2020-02-21,9659.2,,9659.2
2020-02-22,9943.12,,9943.12
2020-02-23,9662.95,,9662.95
2020-02-24,9326,,9326
2020-02-25,8792.22,,8792.22
2020-02-26,8828,,8828
2020-02-27,8699.57,,8828
2020-02-28,8531.98,,8828
2020-02-29,8537.84,,8828
2020-03-01,8919.7,,8828
2020-03-02,8765,,8828
2020-03-03,8756.93,,8828
2020-03-04,9062.81,,8828
2020-03-05,9139.48,,8828
2020-03-06,8897.18,,8828
2020-03-07,8038.46,,8828
2020-03-08,7932.15,,8769.6241
2020-03-09,7897.66,,8769.6241
2020-03-10,7938.39,,8769.6241
2020-03-11,4764.65,,8769.6241
2020-03-12,5570.26,,8769.6241
2020-03-13,5167.01,,8769.6241
2020-03-14,5357.32,,8769.6241
2020-03-15,5026.26,,8769.6241
2020-03-16,5307.38,,8769.6241
2020-03-17,5389.64,,8769.6241
2020-03-18,6159.6,,8769.6241
2020-03-19,6203.77,,8769.6241
2020-03-20,6183.69,,8769.6241
2020-03-21,5810.17,,8769.6241
2020-03-22,6463.84,,8769.6241
2020-03-23,6741.33,,8769.6241
2020-03-24,6673.41,,8769.6241
2020-03-25,6733.76,,8769.6241
2020-03-26,6353.64,,8769.6241
2020-03-27,6230.95,,8769.6241
2020-03-28,5876.27,,8769.6241
2020-03-29,6391.08,,8769.6241
2020-03-30,6407.1,,8769.6241
2020-03-31,6641.51,,8769.6241
2020-04-01,6791.63,,8769.6241
2020-04-02,6729.8,,8769.6241
2020-04-03,6851.1,,8769.6241
2020-04-04,6768.9,,8769.6241
2020-04-05,7325.73,,8769.6241
2020-04-06,7192.9,,8769.6241
2020-04-07,7357.66,,8769.6241
2020-04-08,7278.65,,8769.6241
2020-04-09,6857.82,,8516.107245
2020-04-10,6874.18,,8526.265248
2020-04-11,6900.52,,8526.265248
2020-04-12,6834,,8485.169275
2020-04-13,6864.11,,8503.861728
2020-04-14,6616.89,,8350.722815
2020-04-15,7098.15,,8654.405425
2020-04-16,7022.44,,8608.250791
2020-04-17,7242.42,,8743.078786
2020-04-18,7118.03,,8667.99673
2020-04-19,6825.29,,8311.511949
2020-04-20,6838,,8319.250765
2020-04-21,7120.06,,8490.830749
2020-04-22,7483.35,,8707.446473
2020-04-23,7504.11,,8719.524392
2020-04-24,7534.01,,8754.26719
2020-04-25,7694.17,,8940.367744
2020-04-26,7774,,9033.127529
2020-04-27,7735.75,,8988.682311
2020-04-28,8784.2,,10206.94608
2020-04-29,8624.76,,10021.68214
2020-04-30,8830.52,,10260.76837
2020-05-01,8975.18,,10428.85844
2020-05-02,8900,,10341.5018
2020-05-03,8873.98,,10311.26743
2020-05-04,9022.78,,10484.16805
2020-05-05,9148.27,,10629.98322
2020-05-06,9995,,11613.85511
2020-05-07,9807.49,,11395.97478
2020-05-08,9550.67,,11097.55854
2020-05-09,8719.53,,10131.80171
2020-05-10,8561.09,,9947.699738
2020-05-11,8808.71,,10235.42588
2020-05-12,9305.91,,10813.15562
2020-05-13,9786.8,,11371.93369
2020-05-14,9310.73,,10818.7563
2020-05-15,9374.99,,10893.42427
2020-05-16,9678.57,,11246.17406
2020-05-17,9731.1,,11307.21216
2020-05-18,9773.64,,11356.64221
2020-05-19,9508.11,,11048.10525
2020-05-20,9060,,10527.41644
2020-05-21,9166.4,,10651.04968
2020-05-22,9176.41,,10662.68096
2020-05-23,8711.37,,10122.32006
2020-05-24,8895.65,,10336.44725
2020-05-25,8837.05,,10268.35601
2020-05-26,9197.32,,10686.97768
2020-05-27,9569.59,,10903.26031
2020-05-28,9422.26,,10819.32896
2020-05-29,9695,,11132.509
2020-05-30,9446.43,,10989.79586
2020-05-31,10232.48,,11904.27139
2020-06-01,9514.9,,11069.45255
2020-06-02,9663.59,,11242.43565
2020-06-03,9788.33,,11387.55578
2020-06-04,9617.29,,11188.57111
2020-06-05,9664,,11242.91263
2020-06-06,9743.92,,11289.40133
2020-06-07,9778.87,,11289.40133
2020-06-08,9771.66,,11289.40133
2020-06-09,9884.99,,11354.86758
2020-06-10,9278.03,,11006.26073
2020-06-11,9458.91,,11113.54711
2020-06-12,9468.54,,11119.20439
2020-06-13,9339.61,,11043.50112
2020-06-14,9422.01,,11043.50112
2020-06-15,9519.12,,11100.41224
2020-06-16,9458.45,,11065.03807
2020-06-17,9381.59,,11065.03807
2020-06-18,9307,,11065.03807
2020-06-19,9354.04,,11065.03807
2020-06-20,9293.51,,11065.03807
2020-06-21,9686.99,,11299.28063
2020-06-22,9631.66,,11267.0111
2020-06-23,9298.4,,11072.08914
2020-06-24,9246.75,,11041.33797
2020-06-25,9159.99,,10989.53888
2020-06-26,9008,,10807.19151
2020-06-27,9114,,10870.77734
2020-06-28,9189.48,,10915.79195
2020-06-29,9138.87,,10885.73322
2020-06-30,9233.29,,10941.96725
2020-07-01,9087.72,,10855.71293
2020-07-02,9057.52,,10837.67527
2020-07-03,9137.18,,10885.33341
2020-07-04,9071.86,,10885.33341
2020-07-05,9339.6,,10885.33341
2020-07-06,9258.51,,10838.07809
2020-07-07,9436.08,,10942.01044
2020-07-08,9236.28,,10826.16712
2020-07-09,9288.39,,10856.7071
2020-07-10,9233.5,,10824.62809
2020-07-11,9300.69,,10864.01222
2020-07-12,9241.2,,10829.26749
2020-07-13,9254.17,,10836.86691
2020-07-14,9197.3,,10803.56881
2020-07-15,9132,,10765.21662
2020-07-16,9151.69,,10776.82236
2020-07-17,9171.8,,10788.6629
2020-07-18,9210.51,,10811.42992
2020-07-19,9161.13,,10782.44844
2020-07-20,9388.01,,10915.96482
2020-07-21,9518.25,,10991.68349
2020-07-22,9604.41,,11091.18114
2020-07-23,9539.7,,11053.81756
2020-07-24,9701.49,,11147.55201
2020-07-25,9939.69,,11421.25707
2020-07-26,11047.58,,12694.28435
2020-07-27,10919.94,,12547.61888
2020-07-28,11113.03,,12769.49004
2020-07-29,11111.96,,12768.26055
2020-07-30,11343.68,,13034.51973
2020-07-31,11811.42,,13571.97902
2020-08-01,11079.72,,12731.21499
2020-08-02,11227.07,,12900.52835
2020-08-03,11200.05,,12869.48086
2020-08-04,11752.5,,13504.27666
2020-08-05,11770.56,,13525.02861
2020-08-06,11596.06,,13324.51839
2020-08-07,11765.72,,13519.46718
2020-08-08,11685.99,,13427.85297
2020-08-09,11896.89,,13670.18881
2020-08-10,11392.64,,13090.77749
2020-08-11,11568.36,,13292.68955
2020-08-12,11790,,13547.36625
2020-08-13,11767.89,,13521.96063
2020-08-14,11859.04,,13626.69705
2020-08-15,11921.23,,13698.15682
2020-08-16,12298.06,,14131.15547
2020-08-17,11960.79,,13743.61347
2020-08-18,11763.87,,13517.34143
2020-08-19,11857.92,,13625.41011
2020-08-20,11538.53,,13258.41322
2020-08-21,11670.47,,13410.01963
2020-08-22,11654,,13391.09468
2020-08-23,11753.3,,13505.19591
2020-08-24,11327.17,,13015.54882
2020-08-25,11466.22,,13175.32501
2020-08-26,11335.53,,13025.15492
2020-08-27,11526.85,,13244.99225
2020-08-28,11466.66,,13175.83059
2020-08-29,11714.14,,13460.19889
2020-08-30,11658.11,,13395.8173
2020-08-31,11930.18,,13708.44087
2020-09-01,11396.96,,13402.09114
2020-09-02,10141.08,,11925.25712
2020-09-03,10448,,12286.17528
2020-09-04,10168.71,,12121.96175
2020-09-05,10258.13,,12175.25985
2020-09-06,10378.76,,12246.84705
2020-09-07,10129.02,,12099.50153
2020-09-08,10219.29,,12153.41702
2020-09-09,10335.91,,12222.7629
2020-09-10,10387.81,,12253.45016
2020-09-11,10438.28,,12283.21734
2020-09-12,10327.72,,12218.16675
2020-09-13,10664.1,,12417.14324
2020-09-14,10776.78,,12482.74482
2020-09-15,10948.17,,12582.00535
2020-09-16,10935.33,,12574.62727
2020-09-17,10926.29,,12569.42968
2020-09-18,11073.74,,12654.24174
2020-09-19,10914.28,,12563.13226
2020-09-20,10414.73,,12275.62302
2020-09-21,10523.32,,12339.6194
2020-09-22,10237.91,,12172.28386
2020-09-23,10724.92,,12461.79725
2020-09-24,10683.51,,12437.73912
2020-09-25,10726.5,,12462.76359
2020-09-26,10768,,12486.87232
2020-09-27,10691.45,,12442.48757
2020-09-28,10836.98,,12527.16997
2020-09-29,10773,,12490.19064
2020-09-30,10612.63,,12397.22435
2020-10-01,10565.15,,12369.49228
2020-10-02,10537.96,,12353.5755
2020-10-03,10660.16,,12425.20259
2020-10-04,10785,,12570.71282
2020-10-05,10593.65,,12347.68028
2020-10-06,10658.75,,12423.55913
2020-10-07,10919.45,,12727.42421
2020-10-08,11050.47,,12880.13768
2020-10-09,11294.79,,13164.91066
2020-10-10,11369.59,,13252.09557
2020-10-11,11530.36,,13439.48486
2020-10-12,11419.36,,13310.10618
2020-10-13,11417.13,,13307.50695
2020-10-14,11502,,13406.42919
2020-10-15,11318.92,,13193.03595
2020-10-16,11356.25,,13236.54682
2020-10-17,11501.1,,13405.38018
2020-10-18,11745,,13689.66361
2020-10-19,11900.03,,13870.36251
2020-10-20,12796.07,,14914.76321
2020-10-21,12968.87,,15116.17435
2020-10-22,12925.82,,15065.9964
2020-10-23,13110.88,,15281.69748
2020-10-24,13023.81,,15180.21097
2020-10-25,13047.24,,15207.52036
2020-10-26,13629.38,,15886.04746
2020-10-27,13256.17,,15451.04368
2020-10-28,13446.65,,15673.06217
2020-10-29,13549.12,,15792.49851
2020-10-30,13783.73,,16065.95377
2020-10-31,13752.86,,16029.97251
2020-11-01,13540.54,,15782.49789
2020-11-02,14016.55,,16337.32265
2020-11-03,14134.31,,16474.58061
2020-11-04,15598.75,,18181.49342
2020-11-05,15590.96,,18172.4136
2020-11-06,14824.34,,17278.86146
2020-11-07,15473.2,,18035.15564
2020-11-08,15328.72,,17866.75355
2020-11-09,15294.68,,17827.07741
2020-11-10,15690.24,,18288.13176
2020-11-11,16289.02,,18986.05401
2020-11-12,16320.54,,19022.79289
2020-11-13,16064.51,,18724.37105
2020-11-14,15952.27,,18593.54705
2020-11-15,16707.07,,19473.32211
2020-11-16,17670.01,,20595.69969
2020-11-17,17788.32,,20733.59872
2020-11-18,17811.68,,20760.82653
2020-11-19,18664.31,,21754.62967
2020-11-20,18721.99,,21821.85996
2020-11-21,18435.2,,21487.58507
2020-11-22,18382.07,,21425.65813
2020-11-23,19179.64,,22355.28478
2020-11-24,18741.67,,21844.79845
2020-11-25,17155.34,,19995.81386
2020-11-26,17144.1,,19982.71281
2020-11-27,17717.74,,20651.33253
2020-11-28,18181.09,,21191.40112
2020-11-29,19720,,22985.11421
2020-11-30,18772.7,,21880.9662
2020-12-01,19207.01,,22387.18654
2020-12-02,19434.3,,22652.10979
2020-12-03,18664.2,,21754.50145
2020-12-04,19147.62,,22317.96311
2020-12-05,19375.02,,22583.01458
2020-12-06,19172.88,,22347.4055
2020-12-07,18319.32,,21352.51838
2020-12-08,18537.98,,21607.38274
2020-12-09,18253.51,,21275.81197
2020-12-10,18031.47,,21017.00798
2020-12-11,18800,,21912.78637
2020-12-12,19175.07,,22349.95811
2020-12-13,19270.7,,22461.42193
2020-12-14,19424.91,,22641.16506
2020-12-15,21346.8,,24881.26958
2020-12-16,22816.99,,26594.88444
2020-12-17,23124.35,,26953.13518
2020-12-18,23847.28,,27795.76341
2020-12-19,23472.96,,27359.46585
2020-12-20,22730.1,,26493.60773
2020-12-21,23826.99,,27772.11392
2020-12-22,23238.27,,27085.91734
2020-12-23,23737.44,,27667.73679
2020-12-24,24730,,28824.63866
2020-12-25,26508.83,,30897.9962
2020-12-26,26305.64,,30661.16328
2020-12-27,27102.66,,31590.14886
2020-12-28,27402.83,,31940.01913
2020-12-29,28906.99,,33693.22853
2020-12-30,28951.68,,33745.31802
2020-12-31,29337.16,,34194.62339
2021-01-01,32199.91,,37531.36962
2021-01-02,33054.53,,38527.49225
2021-01-03,32031.07,,37334.57415
2021-01-04,33999.52,,39628.94779
2021-01-05,36823.68,,42920.71453
2021-01-06,39498.92,,46038.90403
2021-01-07,40637.23,,47365.68827
2021-01-08,40136.04,,46781.51437
2021-01-09,38221.67,,44550.17496
2021-01-10,35408.46,,41271.17125
2021-01-11,34056.9,,39695.82841
2021-01-12,37421.07,,43617.01663
2021-01-13,39163.31,,45647.72582
2021-01-14,36755.24,,42840.94266
2021-01-15,36025.66,,41990.56337
2021-01-16,35869.83,,41808.93201
2021-01-17,36686.86,,42761.24073
2021-01-18,35891.03,,41833.64218
2021-01-19,35500,,41377.86787
2021-01-20,30879.97,,35992.88222
2021-01-21,32986.34,,38448.01178
2021-01-22,32086.48,,37399.15859
2021-01-23,32275.63,,37619.62687
2021-01-24,32253.68,,37594.04252
2021-01-25,32474.14,,37851.00491
2021-01-26,30381.04,,35411.34251
2021-01-27,33399.75,,38929.87162
2021-01-28,34269.35,,39943.45455
2021-01-29,34289.85,,39967.34881
2021-01-30,33126.21,,38611.04058
2021-01-31,33546.09,,39100.44168
2021-02-01,35504.06,,41382.6001
2021-02-02,37652.51,,43886.77701
2021-02-03,36976.93,,43099.3387
2021-02-04,38362.65,,44714.49755
2021-02-05,39249.54,,45748.23325
2021-02-06,38849.25,,45281.66573
2021-02-07,46451.32,,49712.05233
2021-02-08,46492.54,,49734.10908
2021-02-09,44850,,47977.04733
2021-02-10,48060.21,,51411.08072
2021-02-11,47361.03,,50663.15224
2021-02-12,47221.62,,50514.02225
2021-02-13,48655.21,,52047.56551
2021-02-14,47981.58,,51326.96845
2021-02-15,49197.94,,52628.13592
2021-02-16,52194.62,,55833.75149
2021-02-17,51619.7,,55218.74672
2021-02-18,56004.1,,59908.83738
2021-02-19,55917.41,,59816.10315
2021-02-20,57487.43,,61495.58863
2021-02-21,54121.1,,57894.5502
2021-02-22,48930,,52341.51452
2021-02-23,49702.03,,53167.37226
2021-02-24,47089.37,,50372.55147
2021-02-25,46313.13,,49542.19019
2021-02-26,46102.63,,49317.01364
2021-02-27,45163.36,,48312.25553
2021-02-28,49592.7,,53050.41952
2021-03-01,48450.57,,51828.65753
2021-03-02,50373.75,,53885.92616
2021-03-03,48385.77,,51759.33952
2021-03-04,48770.57,,52170.96868
2021-03-05,48908.21,,52318.20527
2021-03-06,50995.27,,54550.77999
2021-03-07,52429.43,,56084.93299
2021-03-08,54917.78,,58746.7766
2021-03-09,55947.98,,59848.80456
2021-03-10,57844.52,,61877.57579
2021-03-11,57291.03,,61285.49516
2021-03-12,61267.41,,65539.11772
2021-03-13,59037.12,,63153.32666
2021-03-14,55646.61,,59526.42234
2021-03-15,56954.19,,60925.16989
2021-03-16,58959,,63069.75995
2021-03-17,57700.01,,61722.99021
2021-03-18,58089.11,,62139.21918
2021-03-19,58145.61,,62199.65849
2021-03-20,57415.18,,61418.30119
2021-03-21,54129.56,,57903.60005
2021-03-22,54400,,58192.89576
2021-03-23,52311.54,,57075.8596
2021-03-24,51325.21,,56537.77916
2021-03-25,55030,,58578.3027
2021-03-26,55828,,59427.75728
2021-03-27,55805.08,,59403.35941
2021-03-28,57677.64,,61396.66101
2021-03-29,58794.16,,62585.17357
2021-03-30,58807.24,,62599.09696
2021-03-31,58794.01,,62585.0139
2021-04-01,59031.36,,62837.66809
2021-04-02,57134.65,,60818.65932
2021-04-03,58234.61,,61989.54411
2021-04-04,59243.39,,63063.36966
2021-04-05,58059.99,,61803.66471
2021-04-06,56018.18,,59630.19998
2021-04-07,58122.26,,61869.94985
2021-04-08,58176.03,,61927.18691
2021-04-09,59832.43,,63690.39062
2021-04-10,60090.2,,63964.78148
2021-04-11,59911.18,,63774.21838
2021-04-12,63649.71,,67753.80664
2021-04-13,63019.1,,67418.17095
2021-04-14,63232.55,,67646.52091
2021-04-15,61424.67,,65712.44119
2021-04-16,60090.14,,64284.75385
2021-04-17,56140.05,,60058.92639
2021-04-18,55634.39,,59517.96861
2021-04-19,56410.56,,59933.14403
2021-04-20,53800,,58546.3552
2021-04-21,51714.61,,57411.67134
2021-04-22,51122.62,,57083.0685
2021-04-23,50092.4,,56507.9012
2021-04-24,49063.94,,55927.81204
2021-04-25,53984.33,,58732.17964
2021-04-26,55006.25,,59288.07789
2021-04-27,54861.77,,59210.21454
2021-04-28,53558.8,,58507.09165
2021-04-29,57684.16,,60760.34242
2021-04-30,57836.34,,60840.49015
2021-05-01,56630.33,,60206.16371
2021-05-02,57214.83,,60516.86738
2021-05-03,53263.32,,58427.08571
2021-05-04,57497.77,,63072.05664
2021-05-05,56435.35,,62489.34696
2021-05-06,57350.88,,62996.21784
2021-05-07,58924.98,,63860.74116
2021-05-08,58292.53,,63175.31495
2021-05-09,55869.67,,60549.50778
2021-05-10,56710.43,,61460.69276
2021-05-11,49595.76,,57605.38301
2021-05-12,49707.9,,57670.50821
2021-05-13,49873.27,,57766.43836
2021-05-14,46793.41,,55982.7921
2021-05-15,46429.28,,55764.97281
2021-05-16,43566.18,,54045.5762
2021-05-17,42882.53,,53621.52871
2021-05-18,36689.14,,49749.33368
2021-05-19,40500.3,,52333.24094
2021-05-20,37211.02,,50208.08776
2021-05-21,37432.58,,50357.561
2021-05-22,34651.6,,48486.95297
2021-05-23,38779.66,,51375.08874
2021-05-24,38326.84,,51075.14197
2021-05-25,39224.2,,51673.06224
2021-05-26,38527.38,,51214.07489
2021-05-27,35670.99,,49315.58904
2021-05-28,34611.94,,48583.51412
2021-05-29,35651.81,,49313.32786
2021-05-30,37243.38,,50414.05196
2021-05-31,36693.41,,50041.82184
2021-06-01,37569.99,,50639.55397
2021-06-02,39247.4,,51770.02132
2021-06-03,36828.03,,50174.36356
2021-06-04,35498.62,,49268.77208
2021-06-05,35801.71,,49268.77208
2021-06-06,33550.96,,49268.77208
2021-06-07,33372.58,,49268.77208
2021-06-08,37368.45,,49268.77208
2021-06-09,36669.66,,49268.77208
2021-06-10,37300.42,,49268.77208
2021-06-11,35537.05,,49268.77208
2021-06-12,38993.65,,49268.77208
2021-06-13,40489.1,,49268.77208
2021-06-14,40132.86,,49268.77208
2021-06-15,38344.97,,49268.77208
2021-06-16,38060.71,,49268.77208
2021-06-17,35811.41,,49268.77208
2021-06-18,35483,,49268.77208
2021-06-19,35588.64,,49268.77208
2021-06-20,31606,,49268.77208
2021-06-21,32496,,49268.77208
2021-06-22,33649,,49268.77208
2021-06-23,34644.64,,49268.77208
2021-06-24,31568.07,,49268.77208
2021-06-25,32255.56,,49268.77208
2021-06-26,34687.71,,49268.77208
2021-06-27,34487.22,,49268.77208
2021-06-28,35911.26,,49268.77208
2021-06-29,35031.39,,49268.77208
2021-06-30,33489.96,,48184.82475
2021-07-01,33760.94,,48184.82475
2021-07-02,34652.94,,48184.82475
2021-07-03,35280.16,,48184.82475
2021-07-04,33672.72,,48184.82475
2021-07-05,34206.01,,48184.82475
2021-07-06,33845.64,,48184.82475
2021-07-07,32852.04,,48184.82475
2021-07-08,33805.01,,48883.696
2021-07-09,33497.98,,48883.696
2021-07-10,34253.81,,48883.696
2021-07-11,33070.87,,48883.696
2021-07-12,32709.09,,48883.696
2021-07-13,32803.01,,48883.696
2021-07-14,31866.43,,48883.696
2021-07-15,31382.95,,48883.696
2021-07-16,31496.65,,48883.696
2021-07-17,31767,,48883.696
2021-07-18,30823.62,,48883.696
2021-07-19,29775.9,,48883.696
2021-07-20,32120,,48883.696
2021-07-21,32268.11,,48883.696
2021-07-22,33634.46,,49918.65339
2021-07-23,34230,,49918.65339
2021-07-24,35370.66,,49918.65339
2021-07-25,37218.09,,49918.65339
2021-07-26,39442.33,,51410.28106
2021-07-27,40003.08,,51775.72999
2021-07-28,40012.9,,51782.08498
2021-07-29,42203.25,,53199.38902
2021-07-30,41448.11,,52723.44242
2021-07-31,39846.78,,51704.9686
2021-08-01,39147.48,,51251.26463
2021-08-02,38203.26,,50633.18565
2021-08-03,39731.31,,51645.79608
2021-08-04,40882.4,,52393.9335
2021-08-05,42825.43,,53639.00454
2021-08-06,44601.11,,54751.02732
2021-08-07,43787.71,,54251.77421
2021-08-08,46259.7,,55783.13819
2021-08-09,45589.99,,55379.34692
2021-08-10,45522.12,,55338.1252
2021-08-11,44385.09,,54647.02043
2021-08-12,47792.52,,56744.63808
2021-08-13,47083.74,,56323.86654
2021-08-14,47006.02,,56277.38031
2021-08-15,45926.23,,55630.99765
2021-08-16,44704.84,,54891.25542
2021-08-17,44714.09,,54896.93426
2021-08-18,46772,,56160.21559
2021-08-19,49332.74,,57697.58528
2021-08-20,48848.29,,57414.28868
2021-08-21,49273.28,,57664.04664
2021-08-22,49523.91,,57810.70159
2021-08-23,47719.36,,56757.44972
2021-08-24,48992.65,,58271.90199
2021-08-25,46853.06,,56999.48685
2021-08-26,49083.98,,58356.50916
2021-08-27,48931.99,,58266.15783
2021-08-28,48795.41,,58184.84097
2021-08-29,47024.7,,57129.122
2021-08-30,47150.32,,57205.42828
2021-08-31,48842.94,,58232.21932
2021-09-01,49299.14,,58504.16792
2021-09-02,50027.08,,58936.09761
2021-09-03,49940.74,,58885.23973
2021-09-04,51799.57,,59981.11506
2021-09-05,52683.97,,60493.15887
2021-09-06,46864.39,,57152.05931
2021-09-07,46062.29,,56662.97083
2021-09-08,46413.88,,56879.22293
2021-09-09,44860.83,,56879.22293
2021-09-10,45193.78,,57090.29724
2021-09-11,46046.73,,57090.29724
2021-09-12,44975.96,,56426.50876
2021-09-13,47087.18,,56426.50876
2021-09-14,48106.12,,56426.50876
2021-09-15,47745.55,,56003.57492
2021-09-16,47303.11,,55484.61091
2021-09-17,48285.15,,56636.50362
2021-09-18,47256.91,,55430.42021
2021-09-19,43026.6,,50468.43981
2021-09-20,40726.1,,49119.24367
2021-09-21,43520,,50804.08772
2021-09-22,44828.29,,51567.71915
2021-09-23,42798.49,,50400.24035
2021-09-24,42651.58,,50313.73848
2021-09-25,43150,,50607.7179
2021-09-26,42122.69,,50005.28667
2021-09-27,41006.32,,49342.64616
2021-09-28,41499.71,,49639.4927
2021-09-29,43796.57,,51013.17658
2021-09-30,48123.94,,53533.38409
2021-10-01,47626.61,,53256.76753
2021-10-02,48187.3,,53570.25338
2021-10-03,49198.22,,54132.1778
2021-10-04,51455.12,,55373.79703
2021-10-05,55321.6,,57454.26714
2021-10-06,53814.99,,56671.92197
2021-10-07,53975,,56840.42658
2021-10-08,54960.77,,57878.52917
2021-10-09,54700,,57603.91541
2021-10-10,57500.01,,60552.57243
2021-10-11,56011.84,,58985.39841
2021-10-12,57393.65,,60440.56599
2021-10-13,57378.19,,60424.28525
2021-10-14,61702.33,,64977.98533
2021-10-15,60925.56,,64159.97814
2021-10-16,61571.45,,64840.15717
2021-10-17,62037.92,,65331.39115
2021-10-18,64316.7,,67731.1471
2021-10-19,66064.24,,69571.46056
2021-10-20,62260.33,,65565.60846
2021-10-21,60734.27,,63958.53293
2021-10-22,61325.11,,64580.73947
2021-10-23,60902.82,,64136.03092
2021-10-24,63127.04,,66478.33039
2021-10-25,60358.75,,63563.07731
2021-10-26,58449.36,,61552.32156
2021-10-27,60622.03,,63840.33433
2021-10-28,62308.22,,65616.04084
2021-10-29,61895.19,,65181.08389
2021-10-30,61348.61,,64605.48704
2021-10-31,60942.87,,64178.2071
2021-11-01,63266.69,,66625.39413
2021-11-02,62946.45,,66288.15322
2021-11-03,61431.86,,64693.15661
2021-11-04,61006,,64244.68854
2021-11-05,61511.3,,64776.81393
2021-11-06,63316.4,,66677.74314
2021-11-07,67606.96,,71196.08053
2021-11-08,67009.98,,70567.40803
2021-11-09,64920.13,,68366.61201
2021-11-10,64831.3,,68273.0662
2021-11-11,64156.08,,67562.0001
2021-11-12,64427,,67847.30271
2021-11-13,65568.39,,69049.28686
2021-11-14,63654.49,,67033.78167
2021-11-15,60106.03,,63296.94091
2021-11-16,60366.96,,63571.72317
2021-11-17,56921.05,,61757.29988
2021-11-18,58069.51,,62380.31885
2021-11-19,59716.29,,63264.83347
2021-11-20,58661.39,,62706.04062
2021-11-21,56268.31,,61427.00025
2021-11-22,57574.23,,62139.82376
2021-11-23,57165.08,,61919.02611
2021-11-24,58988.21,,62906.39842
2021-11-25,53755.65,,60116.33661
2021-11-26,54738.77,,60666.0609
2021-11-27,57315.73,,62094.06167
2021-11-28,57827.98,,62371.53945
2021-11-29,56975,,61911.54002
2021-11-30,57209.29,,62038.83493
2021-12-01,56513.57,,61661.60897
2021-12-02,53612,,60078.66638
2021-12-03,49135.66,,57570.52886
2021-12-04,49376.6,,57711.67933
2021-12-05,50424.72,,58324.20394
2021-12-06,50577.2,,58412.38762
2021-12-07,50455.61,,58342.17453
2021-12-08,47539.76,,56656.36567
2021-12-09,47136.35,,56415.9801
2021-12-10,49381.15,,57759.34453
2021-12-11,50057.01,,58154.60902
2021-12-12,46679.93,,56192.91807
2021-12-13,48324.04,,57182.50116
2021-12-14,48870.48,,57182.50116
2021-12-15,47624.5,,56453.55137
2021-12-16,46125.33,,55565.00166
2021-12-17,46815.99,,55981.00437
2021-12-18,46668.63,,55981.00437
2021-12-19,46898.14,,55981.00437
2021-12-20,48875.15,,55981.00437
2021-12-21,48569.69,,55981.00437
2021-12-22,50817.92,,55981.00437
2021-12-23,50808.55,,55975.84337
2021-12-24,50403.64,,55752.79845
2021-12-25,50765.73,,55953.05711
2021-12-26,50707.72,,55921.08833
2021-12-27,47522.03,,54164.47955
2021-12-28,46436.54,,53545.87171
2021-12-29,47095.02,,53925.51762
2021-12-30,46210.56,,53925.51762
2021-12-31,47704.35,,53925.51762
2022-01-01,47280,,53925.51762
2022-01-02,46445.81,,53925.51762
2022-01-03,45833.42,,53925.51762
2022-01-04,43421.69,,53925.51762
2022-01-05,43080.01,,53925.51762
2022-01-06,41553.86,,53925.51762
2022-01-07,41688.05,,53925.51762
2022-01-08,41851.22,,53925.51762
2022-01-09,41801.55,,53925.51762
2022-01-10,42700.68,,53925.51762
2022-01-11,43880.72,,53925.51762
2022-01-12,42534.32,,53925.51762
2022-01-13,43042.4,,53925.51762
2022-01-14,43070.51,,53925.51762
2022-01-15,43060.66,,53925.51762
2022-01-16,42176.34,,53925.51762
2022-01-17,42337.58,,53925.51762
2022-01-18,41657.89,,53925.51762
2022-01-19,40661.69,,53925.51762
2022-01-20,36425.98,,51116.81914
2022-01-21,35043.73,,51116.81914
2022-01-22,36230.01,,51116.81914
2022-01-23,36648.31,,51116.81914
2022-01-24,36934.26,,51116.81914
2022-01-25,36787.43,,51116.81914
2022-01-26,37131,,51116.81914
2022-01-27,37696.21,,51116.81914
2022-01-28,38150.01,,51116.81914
2022-01-29,37870.01,,51116.81914
2022-01-30,38439.04,,51116.81914
2022-01-31,38680.51,,51116.81914
2022-02-01,36892.03,,51116.81914
2022-02-02,37289.86,,51116.81914
2022-02-03,41550,,51116.81914
2022-02-04,41374.69,,51116.81914
2022-02-05,42361.35,,51116.81914
2022-02-06,43829.99,,51116.81914
2022-02-07,44021.57,,51228.53443
2022-02-08,44358.08,,51424.3352
2022-02-09,43471.29,,50910.30724
2022-02-10,42366,,50263.09096
2022-02-11,42199.87,,50164.54251
2022-02-12,42041.13,,50164.54251
2022-02-13,42525.14,,50164.54251
2022-02-14,44529.6,,50164.54251
2022-02-15,43860.7,,50164.54251
2022-02-16,40491.7,,48237.93915
2022-02-17,39966.8,,47925.28132
2022-02-18,40052.6,,47925.28132
2022-02-19,38368.1,,47925.28132
2022-02-20,36986.4,,47925.28132
2022-02-21,38212,,48719.31946
2022-02-22,37227.8,,48091.90459
2022-02-23,38315.1,,48794.20674
2022-02-24,39205.4,,49361.10441
2022-02-25,39099.3,,49294.31243
2022-02-26,37672,,48394.58056
2022-02-27,43155,,51916.39365
2022-02-28,44394.1,,51916.39365
2022-03-01,43885.7,,51619.1211
2022-03-02,42449.5,,50774.47943
2022-03-03,39127.7,,48787.8522
2022-03-04,39375.1,,48942.09222
2022-03-05,38401.1,,48336.76553
2022-03-06,37963.8,,48061.54337
2022-03-07,38709.9,,48061.54337
2022-03-08,41937.5,,48061.54337
2022-03-09,39407.2,,48061.54337
2022-03-10,38713,,48061.54337
2022-03-11,38792.6,,48061.54337
2022-03-12,37743.7,,48061.54337
2022-03-13,39653.8,,48061.54337
2022-03-14,39271,,48061.54337
2022-03-15,41105.8,,48061.54337
2022-03-16,40898.1,,48061.54337
2022-03-17,41751.5,,48061.54337
2022-03-18,42188.2,,48061.54337
2022-03-19,41261,,48061.54337
2022-03-20,40982,,47899.0513
2022-03-21,42349.8,,48698.38176
2022-03-22,42867.9,,48996.26548
2022-03-23,43973.4,,49628.03624
2022-03-24,44290.6,,49807.03096
2022-03-25,44489.2,,49918.69886
2022-03-26,46820.8,,51226.77406
2022-03-27,47121.9,,51391.49125
2022-03-28,47418.5,,51553.22832
2022-03-29,47053.2,,51354.65188
2022-03-30,45506,,50510.33186
2022-03-31,46266.2,,50932.23177
2022-04-01,45794.6,,50672.6509
2022-04-02,46392.4,,51003.3898
2022-04-03,46580.9,,51107.0074
2022-04-04,45477.4,,50501.64573
2022-04-05,43159.7,,49214.76847
2022-04-06,43417.1,,49361.52437
2022-04-07,42229.2,,48686.25409
2022-04-08,42727.7,,48973.61565
2022-04-09,42140.4,,48637.04003
2022-04-10,39505.6,,47116.54102
2022-04-11,40060.7,,47447.56234
2022-04-12,41129.8,,48080.67894
2022-04-13,39915.9,,47371.15524
2022-04-14,40529.5,,47735.25753
2022-04-15,40361,,47636.02868
2022-04-16,39649.1,,47636.02868
2022-04-17,40785.6,,47636.02868
2022-04-18,41472.9,,47636.02868
2022-04-19,41327.7,,47636.02868
2022-04-20,40449.8,,47130.07662
2022-04-21,39674.2,,46678.23153
2022-04-22,39415.1,,46678.23153
2022-04-23,39433.4,,46678.23153
2022-04-24,40411,,46678.23153
2022-04-25,38093.7,,46678.23153
2022-04-26,39209,,46678.23153
2022-04-27,39732.5,,46678.23153
2022-04-28,38572.2,,46678.23153
2022-04-29,37614.5,,46678.23153
2022-04-30,38440.5,,46678.23153
2022-05-01,38525.6,,46678.23153
2022-05-02,37712.9,,46678.23153
2022-05-03,39684,,46678.23153
2022-05-04,36534.7,,46678.23153
2022-05-05,35995.3,,46678.23153
2022-05-06,35466.7,,46678.23153
2022-05-07,34032,,46678.23153
2022-05-08,30056.6,,46678.23153
2022-05-09,31002.1,,46678.23153
2022-05-10,29074.7,,46678.23153
2022-05-11,29020.7,,46678.23153
2022-05-12,29274.3,,46678.23153
2022-05-13,30079.8,,46678.23153
2022-05-14,31324.4,,46678.23153
2022-05-15,29866.7,,46678.23153
2022-05-16,30437,,46678.23153
2022-05-17,28700.6,,46678.23153
2022-05-18,30319.9,,46678.23153
2022-05-19,29188.9,,46678.23153
2022-05-20,29427.4,,46678.23153
2022-05-21,30284,,46678.23153
2022-05-22,29097.7,,46678.23153
2022-05-23,29643.1,,46678.23153
2022-05-24,29536.7,,46678.23153
2022-05-25,29194,,46678.23153
2022-05-26,28623.2,,46678.23153
2022-05-27,29018.8,,46678.23153
2022-05-28,29452.8,,46678.23153
2022-05-29,31726.5,,46678.23153
2022-05-30,31797.8,,46678.23153
2022-05-31,29796.9,,46678.23153
2022-06-01,30437.1,,46678.23153
2022-06-02,29682.8,,46678.23153
2022-06-03,29848.4,,46678.23153
2022-06-04,29909.9,,46678.23153
2022-06-05,31361.2,,46678.23153
2022-06-06,31118.1,,46678.23153
2022-06-07,30192.5,,46678.23153
2022-06-08,30093.3,,46678.23153
2022-06-09,29077.7,,45890.57428
2022-06-10,28416.7,,45890.57428
2022-06-11,26564.7,,44395.16236
2022-06-12,22471.5,,44395.16236
2022-06-13,22122.7,,44395.16236
2022-06-14,22567.5,,44395.16236
2022-06-15,20387.4,,44395.16236
2022-06-16,20457.3,,44395.16236
2022-06-17,18959.7,,44395.16236
2022-06-18,20564.2,,44395.16236
2022-06-19,20570.1,,44395.16236
2022-06-20,20713.1,,44395.16236
2022-06-21,19977.4,,44395.16236
2022-06-22,21096.6,,44395.16236
2022-06-23,21231.2,,44395.16236
2022-06-24,21481.9,,44395.16236
2022-06-25,21029.1,,44395.16236
2022-06-26,20730,,44395.16236
2022-06-27,20268.6,,44395.16236
2022-06-28,20109.9,,44395.16236
2022-06-29,19923.5,,44395.16236
2022-06-30,19272,,44395.16236
2022-07-01,19240.9,,44395.16236
2022-07-02,19305.9,,44395.16236
2022-07-03,20226.6,,44395.16236
2022-07-04,20170,,44395.16236
2022-07-05,20554.1,,44395.16236
2022-07-06,21613.4,,44395.16236
2022-07-07,21587.9,,44395.16236
2022-07-08,21580,,44395.16236
2022-07-09,20853.8,,44395.16236
2022-07-10,19954.3,,44395.16236
2022-07-11,19322.9,,44395.16236
2022-07-12,20220.1,,44395.16236
2022-07-13,20578.6,,44395.16236
2022-07-14,20823.1,,44395.16236
2022-07-15,21183.5,,44395.16236
2022-07-16,20794.4,,44395.16236
2022-07-17,22423.9,,46134.61907
2022-07-18,23385.9,,47124.22176
2022-07-19,23221.5,,46958.58302
2022-07-20,23144.5,,46880.72821
2022-07-21,22675.1,,46405.32771
2022-07-22,22440.2,,46164.96247
2022-07-23,22570.6,,46299.09477
2022-07-24,21300,,44995.90323
2022-07-25,21241,,44933.58496
2022-07-26,22941.1,,44933.58496
2022-07-27,23836.2,,45810.17876
2022-07-28,23771.1,,45747.62175
2022-07-29,23629.9,,45611.75164
2022-07-30,23290.1,,45283.80118
2022-07-31,23257.6,,45252.2057
2022-08-01,22975.1,,44977.37622
2022-08-02,22801.5,,44807.45156
2022-08-03,22608.9,,44618.21148
2022-08-04,23298.1,,45298.27268
2022-08-05,22943.3,,44953.35556
2022-08-06,23167.8,,45173.28966
2022-08-07,23804.4,,45793.9208
2022-08-08,23140.2,,45155.04055
2022-08-09,23940.9,,45936.27064
2022-08-10,23917.2,,45913.53362
2022-08-11,24387.5,,46364.94797
2022-08-12,24429,,46404.39739
2022-08-13,24294.1,,46276.27194
2022-08-14,24085.2,,46077.31184
2022-08-15,23843,,45845.63585
2022-08-16,23333.1,,45355.41462
2022-08-17,23185.1,,45211.57172
2022-08-18,20824.9,,42910.34482
2022-08-19,21127.8,,42910.34482
2022-08-20,21505.6,,42910.34482
2022-08-21,21387,,42910.34482
2022-08-22,21518.2,,42910.34482
2022-08-23,21354.9,,42910.34482
2022-08-24,21548.3,,42910.34482
2022-08-25,20228.7,,41596.44788
2022-08-26,20023.9,,41385.88189
2022-08-27,19547.5,,41385.88189
2022-08-28,20275.5,,41385.88189
2022-08-29,19803.1,,41385.88189
2022-08-30,20041.5,,41385.88189
2022-08-31,20122.5,,41385.88189
2022-09-01,19941,,41385.88189
2022-09-02,19820.7,,41385.88189
2022-09-03,19992.7,,41385.88189
2022-09-04,19784.9,,41385.88189
2022-09-05,18781.5,,41385.88189
2022-09-06,19287,,41385.88189
2022-09-07,19309.3,,41385.88189
2022-09-08,21352,,41385.88189
2022-09-09,21639.5,,41385.88189
2022-09-10,21820.3,,41385.88189
2022-09-11,22386,,41385.88189
2022-09-12,20162.5,,41385.88189
2022-09-13,20217,,41385.88189
2022-09-14,19690.8,,41385.88189
2022-09-15,19792.5,,41385.88189
2022-09-16,20102,,41385.88189
2022-09-17,19404.5,,41385.88189
2022-09-18,19528.6,,41385.88189
2022-09-19,18866.8,,41385.88189
2022-09-20,18447.5,,41385.88189
2022-09-21,19392.5,,41385.88189
2022-09-22,19280.7,,41385.88189
2022-09-23,18911,,41385.88189
2022-09-24,18799.7,,41385.88189
2022-09-25,19216.3,,41385.88189
2022-09-26,19070.1,,41385.88189
2022-09-27,19407.3,,41385.88189
2022-09-28,19582.5,,41385.88189
2022-09-29,19411.7,,41385.88189
2022-09-30,19304,,41385.88189
2022-10-01,19049.4,,41385.88189
2022-10-02,19622,,41385.88189
2022-10-03,20333,,41385.88189
2022-10-04,20150,,41385.88189
2022-10-05,19954,,41184.60068
2022-10-06,19520.9,,40737.64642
2022-10-07,19406.2,,40617.96423
2022-10-08,19430,,40642.87141
2022-10-09,19124,,40322.83233
2022-10-10,19055,,40322.83233
2022-10-11,19148,,40322.83233
2022-10-12,19365.5,,40322.83233
2022-10-13,19164.6,,40322.83233
2022-10-14,19060.4,,40322.83233
2022-10-15,19251.9,,40322.83233
2022-10-16,19540.6,,40322.83233
2022-10-17,19320.9,,40096.15234
2022-10-18,19116.7,,40096.15234
2022-10-19,19034.7,,40096.15234
2022-10-20,19150.9,,40096.15234
2022-10-21,19195.1,,40142.42301
2022-10-22,19560.7,,40524.70989
2022-10-23,19318.1,,40524.70989
2022-10-24,20068.3,,41311.57913
2022-10-25,20758.3,,42021.77854
2022-10-26,20285.5,,41543.22545
2022-10-27,20582.8,,42152.07419
2022-10-28,20796.7,,42590.12579
2022-10-29,20615.6,,42219.24619
2022-10-30,20482,,41945.64313
2022-10-31,20472.1,,41925.36865
2022-11-01,20140.1,,41245.45685
2022-11-02,20199.7,,41367.51331
2022-11-03,21137.6,,42327.88873
2022-11-04,21289.9,,42327.88873
2022-11-05,20900,,41940.29546
2022-11-06,20578.6,,41617.81673
2022-11-07,18534,,39550.33429
2022-11-08,15905,,36745.27794
2022-11-09,17588,,36745.27794
2022-11-10,17058.3,,36745.27794
2022-11-11,16806.9,,36745.27794
2022-11-12,16321.2,,36745.27794
2022-11-13,16605.2,,36745.27794
2022-11-14,16888.3,,36745.27794
2022-11-15,16650.6,,36745.27794
2022-11-16,16682.1,,36745.27794
2022-11-17,16689.7,,36745.27794
2022-11-18,16692.9,,36745.27794
2022-11-19,16272.6,,36745.27794
2022-11-20,15773,,36745.27794
2022-11-21,16220.6,,36745.27794
2022-11-22,16595.8,,36745.27794
2022-11-23,16592.4,,36745.27794
2022-11-24,16516.1,,36745.27794
2022-11-25,16449.2,,36745.27794
2022-11-26,16422.6,,36745.27794
2022-11-27,16204.5,,36745.27794
2022-11-28,16433.2,,36745.27794
2022-11-29,17153.3,,36745.27794
2022-11-30,16970.5,,36745.27794
2022-12-01,17083,,36745.27794
2022-12-02,16879.5,,36745.27794
2022-12-03,17099.5,,36745.27794
2022-12-04,16958.3,,36745.27794
2022-12-05,17078.6,,36745.27794
2022-12-06,16828,,36745.27794
2022-12-07,17216,,36745.27794
2022-12-08,17122,,36745.27794
2022-12-09,17120,,36745.27794
2022-12-10,17077.3,,36699.45366
2022-12-11,17200,,36699.45366
2022-12-12,17777.1,,37315.12967
2022-12-13,17803.9,,37343.25702
2022-12-14,17351.8,,36869.12252
2022-12-15,16624.1,,36096.01367
2022-12-16,16768,,36252.23916
2022-12-17,16730.3,,36252.23916
2022-12-18,16429.2,,35926.01819
2022-12-19,16887.2,,36426.77649
2022-12-20,16819.6,,36426.77649
2022-12-21,16815.5,,36422.33673
2022-12-22,16776.4,,36379.99147
2022-12-23,16828.9,,36436.91517
2022-12-24,16824.4,,36432.04361
2022-12-25,16912.9,,36527.86384
2022-12-26,16698.2,,36296.01323
2022-12-27,16539,,36122.99083
2022-12-28,16630.3,,36222.69544
2022-12-29,16601.2,,36191.00388
2022-12-30,16537.6,,36121.67914
2022-12-31,16610.3,,36121.67914
2023-01-01,16666,,36121.67914
2023-01-02,16667.2,,36121.67914
2023-01-03,16842.1,,36121.67914
2023-01-04,16823.8,,36121.67914
2023-01-05,16943.8,,36121.67914
2023-01-06,16936.5,,36121.67914
2023-01-07,17124.7,,36322.3729
2023-01-08,17169.7,,36322.3729
2023-01-09,17428.8,,36596.43497
2023-01-10,17935.7,,37128.62114
2023-01-11,18838,,38062.54496
2023-01-12,19924.2,,39159.88906
2023-01-13,20962.8,,40180.54386
2023-01-14,20882.7,,40027.01182
2023-01-15,21188.3,,40612.77203
2023-01-16,21130.9,,40502.75032
2023-01-17,20680,,39638.48566
2023-01-18,21068.3,,40382.76148
2023-01-19,22661.1,,43435.76824
2023-01-20,22781.9,,43667.3122
2023-01-21,22704.6,,43519.14707
2023-01-22,22913.1,,43918.79041
2023-01-23,22627.4,,43371.17361
2023-01-24,23060.6,,44201.51172
2023-01-25,23001.9,,44088.99822
2023-01-26,23068,,44215.6957
2023-01-27,23015.9,,44115.83279
2023-01-28,23740.3,,45504.32984
2023-01-29,22819.9,,43740.14888
2023-01-30,23119.4,,44314.21689
2023-01-31,23730,,45484.58726
2023-02-01,23493.1,,45030.50809
2023-02-02,23424.7,,44899.40208
2023-02-03,23322.6,,44703.70143
2023-02-04,22929.2,,43949.65016
2023-02-05,22757.7,,43620.92674
2023-02-06,23234.1,,44534.06864
2023-02-07,22955.9,,44000.82751
2023-02-08,21793.4,,41772.60026
2023-02-09,21618.6,,41437.55155
2023-02-10,21851.3,,41883.58035
2023-02-11,21771.1,,41729.85663
2023-02-12,21766.2,,41720.46453
2023-02-13,22187.4,,42527.80158
2023-02-14,24332.6,,46639.6236
2023-02-15,23526.6,,45094.71937
2023-02-16,24581.5,,47116.70383
2023-02-17,24636.9,,47222.89203
2023-02-18,24265.9,,46511.77607
2023-02-19,24849.9,,47631.16077
2023-02-20,24443.4,,46852.00001
2023-02-21,24171.3,,46330.45108
2023-02-22,23928.8,,45865.63808
2023-02-23,23175.6,,44421.9385
2023-02-24,23146.2,,44365.58591
2023-02-25,23545.3,,45130.56268
2023-02-26,23480,,45005.39861
2023-02-27,23129.6,,44333.76779
2023-02-28,23619.8,,45273.3609
2023-03-01,23457.1,,45117.43292
2023-03-02,22342.8,,42974.18607
2023-03-03,22335.7,,42960.52992
2023-03-04,22419.4,,43041.02429
2023-03-05,22397.1,,43019.61839
2023-03-06,22187.1,,42817.93782
2023-03-07,21695.4,,42343.48239
2023-03-08,20348.3,,41028.89716
2023-03-09,20140.3,,40819.19879
2023-03-10,20447.3,,41130.30374
2023-03-11,21986.2,,42678.07348
2023-03-12,24119.5,,44748.57984
2023-03-13,24682.5,,45793.10608
2023-03-14,24288,,45061.1956
2023-03-15,24990.4,,46364.34875
2023-03-16,27384,,50805.16223
2023-03-17,26907,,49920.19063
2023-03-18,27955.7,,51865.82946
2023-03-19,27704.1,,51399.0394
2023-03-20,28091.1,,52117.03523
2023-03-21,27233.8,,50526.49822
2023-03-22,28284.1,,52475.1055
2023-03-23,27438.9,,50907.01745
2023-03-24,27447.3,,50922.60186
2023-03-25,27954.3,,51863.23205
2023-03-26,27112,,50300.52434
2023-03-27,27249.7,,50555.99727
2023-03-28,28338.5,,52576.03308
2023-03-29,28015,,51975.84794
2023-03-30,28454.9,,52791.98842
2023-03-31,28443.8,,52771.39474
2023-04-01,28161.2,,52247.09081
2023-04-02,27786.1,,51551.17289
2023-04-03,28155.2,,52235.95909
2023-04-04,28154,,52233.73274
2023-04-05,28022.8,,51990.31917
2023-04-06,27890.7,,51745.23584
2023-04-07,27924.9,,51808.68664
2023-04-08,28309.4,,52522.04425
2023-04-09,29623.1,,54959.33397
2023-04-10,30185.1,,56002.00491
2023-04-11,29875,,55426.68061
2023-04-12,30362.7,,56331.50377
2023-04-13,30453.1,,56499.22166
2023-04-14,30280.4,,56178.8137
2023-04-15,30286.6,,56190.31648
2023-04-16,29420,,54582.5253
2023-04-17,30365.8,,56337.25516
2023-04-18,28795.1,,53423.15684
2023-04-19,28229.9,,52374.54898
2023-04-20,27252.5,,50561.19207
2023-04-21,27807.2,,51590.31943
2023-04-22,27576,,51161.37722
2023-04-23,27497.5,,51088.55723
2023-04-24,28286.7,,52554.83923
2023-04-25,28395.9,,52757.72569
2023-04-26,29459,,54732.89598
2023-04-27,29300,,54437.48438
2023-04-28,29212.7,,54275.28669
2023-04-29,29223,,54294.42341
2023-04-30,28054.4,,52123.24102
2023-05-01,28656.5,,53241.90345
2023-05-02,29018.4,,53578.09672
2023-05-03,28826,,53222.85915
2023-05-04,29491.5,,54451.60448
2023-05-05,28837.8,,53244.64607
2023-05-06,28419.4,,52472.13361
2023-05-07,27659.8,,51069.64683
2023-05-08,27610.2,,50978.06792
2023-05-09,27582.9,,50952.86525
2023-05-10,26956.4,,50374.21018
2023-05-11,26785.1,,50214.15353
2023-05-12,26762.7,,50193.15684
2023-05-13,26901.9,,50323.69089
2023-05-14,27152.5,,50558.08171
2023-05-15,27024.8,,50439.19271
2023-05-16,27395.8,,50785.41064
2023-05-17,26809.3,,50241.79368
2023-05-18,26870.1,,50298.7646
2023-05-19,27089.5,,50504.11458
2023-05-20,26732.8,,50171.60904
2023-05-21,26840.2,,50272.39217
2023-05-22,27209.9,,50618.62103
2023-05-23,26313.8,,49785.11289
2023-05-24,26461.8,,49925.11921
2023-05-25,26689.9,,50140.2958
2023-05-26,26841.6,,50282.78945
2023-05-27,28055.7,,51419.98572
2023-05-28,27722,,51114.18602
2023-05-29,27680.1,,51075.55814
2023-05-30,27201.1,,50633.63068
2023-05-31,26805.3,,50265.24868
2023-06-01,27227.8,,50661.38429
2023-06-02,27054.9,,50500.53117
2023-06-03,27102.4,,50544.86279
2023-06-04,25714.7,,49250.86104
2023-06-05,27221.5,,50693.8333
2023-06-06,26325.9,,49859.90796
2023-06-07,26485.9,,50011.42387
2023-06-08,26468.1,,49994.61864
2023-06-09,25826.6,,49388.76578
2023-06-10,25909.9,,49468.41398
2023-06-11,25894.8,,49453.99916
2023-06-12,25918,,49476.15289
2023-06-13,25115.9,,48710.5687
2023-06-14,25586.1,,49166.52905
2023-06-15,26336,,49887.03707
2023-06-16,26508.9,,50050.7952
2023-06-17,26329.7,,49881.62367
2023-06-18,26828.5,,50354.11204
2023-06-19,28290.6,,51726.21162
2023-06-20,29988.5,,53278.42215
2023-06-21,29875,,53076.77482
2023-06-22,30673.4,,54495.23498
2023-06-23,30524.2,,54230.16201
2023-06-24,30458,,54112.54921
2023-06-25,30260.1,,53760.95444
2023-06-26,30683.2,,54512.64594
2023-06-27,30066.3,,53416.64385
2023-06-28,30439.9,,54080.39223
2023-06-29,30460.2,,54116.45779
2023-06-30,30573.6,,54317.92746
2023-07-01,30612.7,,54387.39363
2023-07-02,31149,,55340.19947
2023-07-03,30756.1,,54642.16215
2023-07-04,30488.4,,54166.55871
2023-07-05,29874.4,,53075.70885
2023-07-06,30327.9,,53881.40985
2023-07-07,30269.3,,53777.29942
2023-07-08,30147.8,,53561.43907
2023-07-09,30396.9,,54003.99721
2023-07-10,30608.4,,54379.75413
2023-07-11,30368.9,,53954.25161
2023-07-12,31441.7,,55860.21861
2023-07-13,30293.3,,53819.9385
2023-07-14,30276.4,,53789.91348
2023-07-15,30216.8,,53684.02643
2023-07-16,30126.1,,53522.88623
2023-07-17,29845.6,,53024.54195
2023-07-18,29895.5,,53113.19571
2023-07-19,29791,,52927.53804
2023-07-20,29891.4,,53105.91153
2023-07-21,29783.5,,52914.21332
2023-07-22,30070.8,,53169.426
2023-07-23,29163.8,,52367.57388
2023-07-24,29216.3,,52414.70933
2023-07-25,29336,,52522.0816
2023-07-26,29209.7,,52409.02019
2023-07-27,29299.9,,52489.94012
2023-07-28,29339.1,,52525.05296
2023-07-29,29271.1,,52464.18361
2023-07-30,29220.8,,52419.1059
2023-07-31,29701.2,,52849.99997
2023-08-01,29170.1,,52377.48312
2023-08-02,29180.2,,52386.55083
2023-08-03,29101.1,,52315.54762
2023-08-04,29057.7,,52276.53715
2023-08-05,29075.9,,52292.9086
2023-08-06,29202.7,,52406.93328
2023-08-07,29759,,52906.09906
2023-08-08,29572.8,,52740.58417
2023-08-09,29443.7,,52625.46471
2023-08-10,29415.5,,52625.46471
2023-08-11,29420.7,,52625.46471
2023-08-12,29293.3,,52625.46471
2023-08-13,29419.5,,52625.46471
2023-08-14,29188.8,,52625.46471
2023-08-15,28714.4,,52625.46471
2023-08-16,26609.7,,52625.46471
2023-08-17,26042.1,,52625.46471
2023-08-18,26088.3,,52625.46471
2023-08-19,26175.9,,52625.46471
2023-08-20,26115.4,,52625.46471
2023-08-21,26044.4,,52625.46471
2023-08-22,26419.2,,52625.46471
2023-08-23,26164.6,,52625.46471
2023-08-24,26051.7,,52625.46471
2023-08-25,26004.3,,52625.46471
2023-08-26,26087.7,,52625.46471
2023-08-27,26106.5,,52625.46471
2023-08-28,27700.1,,52625.46471
2023-08-29,27290.4,,52625.46471
2023-08-30,25928,,52625.46471
2023-08-31,25795.6,,52625.46471
2023-09-01,25855.8,,52625.46471
2023-09-02,25962.1,,52625.46471
2023-09-03,25814,,52625.46471
2023-09-04,25779.7,,52625.46471
2023-09-05,25747.4,,52625.46471
2023-09-06,26240.7,,52625.46471
2023-09-07,25899.8,,52625.46471
2023-09-08,25892.6,,52625.46471
2023-09-09,25828.4,,52625.46471
2023-09-10,25150.4,,52625.46471
2023-09-11,25825.8,,52625.46471
2023-09-12,26209.9,,52625.46471
2023-09-13,26510.3,,52625.46471
2023-09-14,26591.1,,52625.46471
2023-09-15,26546.9,,52625.46471
2023-09-16,26514.2,,52625.46471
2023-09-17,26749.9,,52625.46471
2023-09-18,27196,,53064.2742
2023-09-19,27107.7,,52891.98506
2023-09-20,26552.6,,51808.88539
2023-09-21,26566.7,,51822.6412
2023-09-22,26563.1,,51815.61882
2023-09-23,26232.4,,51170.53503
2023-09-24,26290.5,,51227.20175
2023-09-25,26208.8,,51147.60528
2023-09-26,26359.6,,51294.75163
2023-09-27,27011.8,,51929.32949
2023-09-28,26890.9,,51813.11628
2023-09-29,26950.9,,51813.11628
2023-09-30,27981.4,,52803.68462
2023-10-01,27477.6,,52328.32427
2023-10-02,27412,,52203.39567
2023-10-03,27759.8,,52865.74577
2023-10-04,27398.4,,52177.49583
2023-10-05,27916.3,,53163.78427
2023-10-06,27943,,53214.63173
2023-10-07,27901.2,,53135.02784
2023-10-08,27578.3,,52520.09728
2023-10-09,27381.2,,52144.74017
2023-10-10,26864.5,,51160.73701
2023-10-11,26744,,50931.25688
2023-10-12,26849.8,,51132.74234
2023-10-13,26836.3,,51107.03295
2023-10-14,27139.8,,51685.01816
2023-10-15,28486.3,,54249.29191
2023-10-16,28381.9,,54050.47262
2023-10-17,28307.1,,53908.02355
2023-10-18,28696.9,,54650.35842
2023-10-19,29653,,56471.15467
2023-10-20,29895.4,,56701.96787
2023-10-21,29981.5,,56783.61989
2023-10-22,33074,,59712.14822
2023-10-23,33917,,60473.12876
2023-10-24,34487.7,,61490.67202
2023-10-25,34154,,60895.6936
2023-10-26,33893.1,,60430.51569
2023-10-27,34086.6,,60775.52115
2023-10-28,34528.6,,61563.59566
2023-10-29,34483.8,,61483.71842
2023-10-30,34651.4,,61782.54486
2023-10-31,35437.4,,63183.96242
2023-11-01,34940.1,,62297.28945
2023-11-02,34700.4,,61869.91059
2023-11-03,35069.7,,62528.36288
2023-11-04,35025.5,,62449.55543
2023-11-05,35057.4,,62506.4323
2023-11-06,35406.5,,63128.86852
2023-11-07,35626.7,,63521.47939
2023-11-08,36719.5,,65469.91337
2023-11-09,37330.4,,66559.13218
2023-11-10,37162.1,,66259.05765
2023-11-11,37085.5,,66122.48185
2023-11-12,36486.2,,65053.94553
2023-11-13,35559,,63400.77205
2023-11-14,37885.6,,67549.03933
2023-11-15,36176,,64500.867
2023-11-16,36621.9,,65295.89511
2023-11-17,36580.9,,65222.79317
2023-11-18,37375.9,,66640.25749
2023-11-19,37462.5,,66794.66304
2023-11-20,35737,,63718.14142
2023-11-21,37413.4,,66707.11902
2023-11-22,37294.3,,66494.76681
2023-11-23,37706.3,,67229.3521
2023-11-24,37766.6,,67336.86543
2023-11-25,37437.9,,66750.80188
2023-11-26,37234.3,,66387.78838
2023-11-27,37812.1,,67417.99075
2023-11-28,37837.1,,67462.5651
2023-11-29,37716.8,,67248.07332
2023-11-30,38660,,68929.77439
2023-12-01,39435,,70311.57923
2023-12-02,39979.7,,71282.76516
2023-12-03,41993.1,,74872.60499
2023-12-04,44081.7,,78596.52446
2023-12-05,43774.8,,78049.32975
2023-12-06,43296,,77195.6418
2023-12-07,44209.5,,78824.38854
2023-12-08,43734.3,,77977.1193
2023-12-09,43810,,78112.09043
2023-12-10,41271,,73585.11947
2023-12-11,41515,,74020.16513
2023-12-12,42875,,76445.00975
2023-12-13,43032.4,,76725.64986
2023-12-14,41968,,74827.85234
2023-12-15,42287.4,,75397.33424
2023-12-16,41396.5,,73808.88271
2023-12-17,42671.7,,76082.53114
2023-12-18,42298.3,,75416.76865
2023-12-19,43708.9,,77931.83176
2023-12-20,43896.3,,78265.96109
2023-12-21,43999.2,,78449.42911
2023-12-22,43725.2,,77960.89424
2023-12-23,43008.4,,76682.85848
2023-12-24,43611.9,,77758.88328
2023-12-25,42538.5,,75845.039
2023-12-26,43453.8,,77476.9951
2023-12-27,42600.1,,75954.8702
2023-12-28,42095.1,,75054.46834
2023-12-29,42174.2,,75195.50158
2023-12-30,42314,,75444.76134
2023-12-31,44230.2,,78861.2961
2024-01-01,44979.8,,80197.8134
2024-01-02,42849.5,,76399.54392
2024-01-03,44143.8,,78707.24715
2024-01-04,44145.4,,78710.09991
2024-01-05,43956.7,,78373.65271
2024-01-06,43916.9,,78302.69035
2024-01-07,46972.7,,83751.10226
2024-01-08,46114,,82985.58238
2024-01-09,46662.9,,83973.36887
2024-01-10,46337.8,,83388.32717
2024-01-11,42788.9,,77001.81693
2024-01-12,42846.4,,77105.29247
2024-01-13,41734.9,,76105.1789
2024-01-14,42515,,76816.44992
2024-01-15,43133,,77374.75365
2024-01-16,42783.4,,76747.61865
2024-01-17,41323.1,,74128.03845
2024-01-18,41662.2,,74736.33787
2024-01-19,41691.8,,74762.88706
2024-01-20,41580,,74662.64564
2024-01-21,39567,,72855.33557
2024-01-22,39890,,73152.70804
2024-01-23,40078.7,,73325.73281
2024-01-24,39953.3,,73211.02042
2024-01-25,41806.4,,74908.8444
2024-01-26,42102.2,,75173.85211
2024-01-27,42021.2,,75101.539
2024-01-28,43287.7,,76233.30224
2024-01-29,42918.3,,75908.02991
2024-01-30,42560.5,,75275.20212
2024-01-31,43072.6,,76180.93469
2024-02-01,43182,,76277.68058
2024-02-02,42992.4,,76110.22368
2024-02-03,42570.3,,75362.97241
2024-02-04,42692.9,,75471.49291
2024-02-05,43079.1,,75812.85049
2024-02-06,44326.2,,76910.20636
2024-02-07,45269.1,,77728.2173
2024-02-08,47116.1,,79313.89072
2024-02-09,47732.6,,79832.78993
2024-02-10,48303.4,,80787.45312
2024-02-11,49943.6,,83530.68819
2024-02-12,49696.4,,83117.2461
2024-02-13,51823.2,,86674.31983
2024-02-14,51898.5,,86800.25911
2024-02-15,52148.6,,87218.55145
2024-02-16,51679.4,,86433.81429
2024-02-17,52175.9,,87264.21071
2024-02-18,51813.8,,86658.59833
2024-02-19,52297.4,,87467.4195
2024-02-20,51877.8,,86765.63835
2024-02-21,51316.9,,85827.53291
2024-02-22,50771.9,,84916.02022
2024-02-23,51602.1,,86304.53001
2024-02-24,51764.9,,86576.81306
2024-02-25,54511.6,,91170.66976
2024-02-26,57074.5,,95457.12089
2024-02-27,62487.9,,104511.0343
2024-02-28,61203.3,,102362.5403
2024-02-29,62430.6,,104415.2
2024-03-01,62039.9,,103761.7541
2024-03-02,63178.5,,105666.063
2024-03-03,68296.4,,114225.7525
2024-03-04,63747.4,,106617.5484
2024-03-05,66128.1,,110599.27
2024-03-06,66870,,111840.098
2024-03-07,68180.2,,114031.408
2024-03-08,68360.1,,114332.2908
2024-03-09,69001.8,,115405.5342
2024-03-10,72153.8,,120677.2553
2024-03-11,71503.2,,119589.1266
2024-03-12,73127.6,,122305.9362
2024-03-13,71455.5,,119509.3483
2024-03-14,69552.2,,116326.0784
2024-03-15,65351,,109299.57
2024-03-16,68447.9,,114479.1363
2024-03-17,67660,,113161.3733
2024-03-18,61974.1,,103651.7036
2024-03-19,67876.4,,113523.3024
2024-03-20,65539.9,,109615.5053
2024-03-21,63826,,106749.007
2024-03-22,64020.3,,107073.9738
2024-03-23,67260.9,,112493.8784
2024-03-24,69920.5,,116942.0603
2024-03-25,70044.1,,117148.7814
2024-03-26,69532.6,,116293.2974
2024-03-27,70838.7,,118477.7501
2024-03-28,69903.6,,116913.7951
2024-03-29,69642.1,,116476.4362
2024-03-30,71363,,119354.6421
2024-03-31,69700,,116573.274
2024-04-01,65505.3,,109557.6368
2024-04-02,65971.9,,110338.0255
2024-04-03,68489.9,,114549.3813
2024-04-04,67825.7,,113993.944
2024-04-05,68901.6,,115802.1978
2024-04-06,69362.7,,116577.1638
2024-04-07,71678.4,,120469.1365
2024-04-08,69189.3,,116285.7322
2024-04-09,70681.7,,118793.9933
2024-04-10,70055.7,,117741.8816
2024-04-11,67136.4,,115288.6631
2024-04-12,63939.7,,112543.928
2024-04-13,65615.9,,114019.1158
2024-04-14,63392.7,,112087.5162
2024-04-15,63765,,112416.6565
2024-04-16,61254.5,,110203.6712
2024-04-17,63445,,112174.148
2024-04-18,63787.4,,112476.8387
2024-04-19,64897.2,,114433.758
2024-04-20,64912.6,,114447.3355
2024-04-21,66778,,116091.7779
2024-04-22,66386.3,,115410.8178
2024-04-23,64250,,111696.9171
2024-04-24,64478.8,,111895.7984
2024-04-25,63748.8,,111262.3814
2024-04-26,63421,,110976.3227
2024-04-27,63088.3,,110685.2375
2024-04-28,63842.4,,111346.7527
2024-04-29,60651.2,,108563.8862
2024-04-30,58307.6,,106466.3982
2024-05-01,59036.7,,107132.046
2024-05-02,62853.7,,110595.341
2024-05-03,63864.2,,111484.3626
2024-05-04,63988,,111592.4182
2024-05-05,63142.8,,110855.4213
2024-05-06,62296,,110112.0874
2024-05-07,61157.9,,109106.2558
2024-05-08,63050.1,,110794.1069
2024-05-09,60778.1,,108797.8832
2024-05-10,60809.2,,108825.719
2024-05-11,61455.8,,109404.305
2024-05-12,62912.1,,110700.5658
2024-05-13,61550.5,,109502.6255
2024-05-14,66175.4,,113616.635
2024-05-15,65217.7,,112794.4968
2024-05-16,66980,,115842.4078
2024-05-17,66884.9,,115677.9316
2024-05-18,66239.4,,114561.5346
2024-05-19,71466.5,,123601.8429
2024-05-20,70168.8,,121357.4611
2024-05-21,69219.1,,119714.9478
2024-05-22,67999.9,,117606.3324
2024-05-23,68584.1,,118616.7106
2024-05-24,69314.4,,119879.7699
2024-05-25,68524.3,,118513.2861
2024-05-26,69461.6,,120134.3534
2024-05-27,68440.5,,118368.3534
2024-05-28,67686.7,,117064.6507
2024-05-29,68402.5,,118302.6321
2024-05-30,67577.9,,116876.4803
2024-05-31,67799.2,,117259.2202
2024-06-01,67805.9,,117270.8079
2024-06-02,68851.4,,119079.008
2024-06-03,70580,,122068.6345
2024-06-04,71133.3,,123025.571
2024-06-05,70830,,122501.0114
2024-06-06,69377,,119988.0371
2024-06-07,69346.5,,119935.2871
2024-06-08,69667.1,,120489.7672
2024-06-09,69558.7,,120302.2886
2024-06-10,67320.7,,116431.6509
2024-06-11,68270.3,,118073.9912
2024-06-12,66786.9,,115508.4399
2024-06-13,66039.7,,114216.1519
2024-06-14,66213.7,,114517.0862
2024-06-15,66653.6,,114897.4914
2024-06-16,66472.1,,114584.6216
2024-06-17,65150,,113445.1035
2024-06-18,64933.6,,113256.6958
2024-06-19,64854,,113187.2769
2024-06-20,64124,,112550.256
2024-06-21,64240,,112652.0574
2024-06-22,63194.9,,111735.7073
2024-06-23,60273.6,,109153.1134
2024-06-24,61777.8,,110515.1369
2024-06-25,60860.1,,109694.294
2024-06-26,61682,,110434.9906
2024-06-27,60429.8,,109314.0258
2024-06-28,60982.4,,109314.0258
2024-06-29,62766,,109314.0258
2024-06-30,62883.6,,109314.0258
2024-07-01,62123.6,,108653.4509
2024-07-02,60208,,108653.4509
2024-07-03,57045.9,,108653.4509
2024-07-04,56604.9,,108653.4509
2024-07-05,58216,,108653.4509
2024-07-06,55830.9,,108653.4509
2024-07-07,56686.4,,108653.4509
2024-07-08,58023.2,,108653.4509
2024-07-09,57707,,108653.4509
2024-07-10,57315.5,,108653.4509
2024-07-11,57870,,108653.4509
2024-07-12,59174,,108653.4509
2024-07-13,60766,,108653.4509
2024-07-14,64680.6,,108653.4509
2024-07-15,65010,,108653.4509
2024-07-16,64055.7,,108653.4509
2024-07-17,63959.9,,108653.4509
2024-07-18,66627.9,,110919.6162
2024-07-19,67095.6,,110919.6162
2024-07-20,68138,,112642.8679
2024-07-21,67499.2,,111586.8307
2024-07-22,65916.4,,108970.2124
2024-07-23,65350.8,,108035.1864
2024-07-24,65773,,108384.168
2024-07-25,67882.5,,110122.2399
2024-07-26,67873.8,,110115.1831
2024-07-27,68215.5,,110392.3619
2024-07-28,66750,,109206.561
2024-07-29,66159.3,,108723.3526
2024-07-30,64601.8,,107443.5883
2024-07-31,65328.9,,108048.2327
2024-08-01,61483.7,,104868.4221
2024-08-02,60684.6,,104186.9377
2024-08-03,58144.5,,102006.4402
2024-08-04,54003.1,,98373.68498
2024-08-05,55991.2,,100184.4766
2024-08-06,55102.9,,100184.4766
2024-08-07,61659.8,,106145.1392
2024-08-08,60808.6,,106145.1392
2024-08-09,60889.9,,106216.0963
2024-08-10,58693.1,,104300.0518
2024-08-11,59323.6,,104860.264
2024-08-12,60550.5,,105944.5969
2024-08-13,58648.1,,104280.2918
2024-08-14,57511,,104280.2918
2024-08-15,58854.9,,104280.2918
2024-08-16,59468.5,,104280.2918
2024-08-17,58390,,104280.2918
2024-08-18,59398.5,,104280.2918
2024-08-19,58982.9,,104280.2918
2024-08-20,61120,,104280.2918
2024-08-21,60349.9,,104280.2918
2024-08-22,64019.9,,104280.2918
2024-08-23,64116.5,,104280.2918
2024-08-24,64190.2,,104280.2918
2024-08-25,62807.6,,103157.2393
2024-08-26,59384.5,,100346.1341
2024-08-27,59010,,100346.1341
2024-08-28,59323.2,,100346.1341
2024-08-29,59096.3,,100346.1341
2024-08-30,58941.9,,100215.0477
2024-08-31,57268.1,,98792.12149
2024-09-01,59112.1,,98792.12149
2024-09-02,57451.9,,98792.12149
2024-09-03,57944.8,,98792.12149
2024-09-04,56145.7,,98792.12149
2024-09-05,53927.7,,96840.76168
2024-09-06,54134.9,,97026.80156
2024-09-07,54839.6,,97026.80156
2024-09-08,57010,,97026.80156
2024-09-09,57609.1,,97026.80156
2024-09-10,57306,,97026.80156
2024-09-11,58097,,97026.80156
2024-09-12,60456.2,,97026.80156
2024-09-13,59964,,97026.80156
2024-09-14,59100.5,,96328.1937
2024-09-15,58187,,95583.73465
2024-09-16,60281,,97303.64064
2024-09-17,61735.3,,97303.64064
2024-09-18,62926.9,,98242.70645
2024-09-19,63175.7,,98436.92216
2024-09-20,63320.6,,98549.80979
2024-09-21,63558.4,,98734.86129
2024-09-22,63302,,98535.70887
2024-09-23,64243.1,,98535.70887
2024-09-24,63118.4,,98535.70887
2024-09-25,65139.2,,100113.0695
2024-09-26,65749.6,,100582.1344
2024-09-27,65822.6,,100637.9712
2024-09-28,65568.1,,100443.4152
2024-09-29,63309.1,,98713.14028
2024-09-30,60776.8,,96738.92737
2024-10-01,60622.6,,96616.20667
2024-10-02,60727.2,,96699.55888
,,,
