date,asset_cum_return,signal_cum_return
2023-03-24 00:00:00,-0.038098118,-0.019049059
2023-03-25 00:00:00,-0.079295487,-0.04005567
2023-03-26 00:00:00,-0.031219291,-0.014993084
2023-03-27 00:00:00,-0.119736942,-0.059993205
2023-03-28 00:00:00,-0.077632474,-0.03751215
2023-03-29 00:00:00,-0.073852899,-0.035540162
2023-03-30 00:00:00,0.043011566,0.025309288
2023-03-31 00:00:00,0.050646307,0.029061869
2023-04-01 00:00:00,-0.022753043,-0.006883849
2023-04-02 00:00:00,-0.092599592,-0.042374231
2023-04-03 00:00:00,-0.129110288,-0.061640028
2023-04-04 00:00:00,-0.067427621,-0.02840933
2023-04-05 00:00:00,-0.061304709,-0.025219785
2023-04-06 00:00:00,-0.08194119,-0.035934674
2023-04-07 00:00:00,-0.095698843,-0.043158219
2023-04-08 00:00:00,-0.122004687,-0.057075336
2023-04-09 00:00:00,-0.107339935,-0.049200717
2023-04-10 00:00:00,-0.061077935,-0.024563188
2023-04-11 00:00:00,-0.080504951,-0.034654455
2023-04-12 00:00:00,-0.098268955,-0.043979357
2023-04-13 00:00:00,0.034545317,0.026425885
2023-04-14 00:00:00,0.283846096,0.15009798
2023-04-15 00:00:00,0.2508882,0.135335771
2023-04-16 00:00:00,0.282712223,0.149777889
2023-04-17 00:00:00,0.217023207,0.120337233
2023-04-18 00:00:00,0.265326177,0.142570013
2023-04-19 00:00:00,0.124952755,0.079192496
2023-04-20 00:00:00,0.089727115,0.062296121
2023-04-21 00:00:00,0.111875425,0.073091513
2023-04-22 00:00:00,0.106886386,0.070684006
2023-04-23 00:00:00,0.012623781,0.025094204
2023-04-24 00:00:00,0.011111951,0.02432898
2023-04-25 00:00:00,0.042180059,0.040066091
2023-04-26 00:00:00,0.04573286,0.041838889
2023-04-27 00:00:00,0.075364729,0.056599653
2023-04-28 00:00:00,0.042784791,0.040593944
2023-04-29 00:00:00,0.03318467,0.035803968
2023-04-30 00:00:00,0.033562628,0.035993426
2023-05-01 00:00:00,-0.003779575,0.017278413
2023-05-02 00:00:00,0.018746693,0.028779625
2023-05-03 00:00:00,0.014437977,0.026604051
2023-05-04 00:00:00,-0.003628392,0.017462532
2023-05-05 00:00:00,0.024416056,0.031781574
2023-05-06 00:00:00,-0.063496863,-0.01249093
2023-05-07 00:00:00,-0.078615164,-0.020461784
2023-05-08 00:00:00,-0.173104543,-0.070688331
2023-05-09 00:00:00,-0.166679265,-0.067077787
2023-05-10 00:00:00,-0.115655,-0.038516353
2023-05-11 00:00:00,-0.17748885,-0.072130065
2023-05-12 00:00:00,-0.114596719,-0.036655945
2023-05-13 00:00:00,-0.116259732,-0.037560648
2023-05-14 00:00:00,-0.115655,-0.037231356
2023-05-15 00:00:00,-0.102124121,-0.029865958
2023-05-16 00:00:00,-0.108322625,-0.033214627
2023-05-17 00:00:00,-0.094489379,-0.025715402
2023-05-18 00:00:00,-0.126842543,-0.043120603
2023-05-19 00:00:00,-0.121021997,-0.039931281
2023-05-20 00:00:00,-0.120795223,-0.039807433
2023-05-21 00:00:00,-0.14831053,-0.05483237
2023-05-22 00:00:00,-0.149595585,-0.05554542
2023-05-23 00:00:00,-0.118376295,-0.038209431
2023-05-24 00:00:00,-0.161992592,-0.062000615
2023-05-25 00:00:00,-0.163957971,-0.06310056
2023-05-26 00:00:00,-0.125255121,-0.041414642
2023-05-27 00:00:00,-0.114521128,-0.035533242
2023-05-28 00:00:00,-0.057147177,-0.004287285
2023-05-29 00:00:00,-0.073323758,-0.012829036
2023-05-30 00:00:00,-0.079749036,-0.016251401
2023-05-31 00:00:00,-0.123214151,-0.039483512
2023-06-01 00:00:00,-0.13425051,-0.045528663
2023-06-02 00:00:00,-0.062438582,-0.005943062
2023-06-03 00:00:00,-0.081412049,-0.016001447
2023-06-04 00:00:00,-0.088139693,-0.019604799
2023-06-05 00:00:00,-0.14226321,-0.048700503
2023-06-06 00:00:00,-0.101292615,-0.025980651
2023-06-07 00:00:00,-0.149444402,-0.052074113
2023-06-08 00:00:00,-0.147403432,-0.050936804
2023-06-09 00:00:00,-0.145060095,-0.049632568
2023-06-10 00:00:00,-0.249829919,-0.10786463
2023-06-11 00:00:00,-0.250585834,-0.108314114
2023-06-12 00:00:00,-0.260563913,-0.114250292
2023-06-13 00:00:00,-0.249754328,-0.107776043
2023-06-14 00:00:00,-0.288532769,-0.130834526
2023-06-15 00:00:00,-0.282183083,-0.126955972
2023-06-16 00:00:00,-0.263058432,-0.115325805
2023-06-17 00:00:00,-0.24884723,-0.106795763
2023-06-18 00:00:00,-0.248771638,-0.10675082
2023-06-19 00:00:00,-0.238869151,-0.100863537
2023-06-20 00:00:00,-0.181344017,-0.06688584
2023-06-21 00:00:00,-0.138105677,-0.042244045
2023-06-22 00:00:00,-0.17847154,-0.064671763
2023-06-23 00:00:00,-0.142414393,-0.044145835
2023-06-24 00:00:00,-0.184140903,-0.067399757
2023-06-25 00:00:00,-0.158742157,-0.052883233
2023-06-26 00:00:00,-0.139012775,-0.041777227
2023-06-27 00:00:00,-0.088290876,-0.013552141
2023-06-28 00:00:00,-0.153072795,-0.048598398
2023-06-29 00:00:00,-0.1467987,-0.045074374
2023-06-30 00:00:00,-0.120492857,-0.030353273
2023-07-01 00:00:00,-0.129790612,-0.035478608
2023-07-02 00:00:00,-0.130017386,-0.035604284
2023-07-03 00:00:00,-0.116410915,-0.028062742
2023-07-04 00:00:00,-0.13220954,-0.036751889
2023-07-05 00:00:00,-0.160027213,-0.052190709
2023-07-06 00:00:00,-0.193136291,-0.070870536
2023-07-07 00:00:00,-0.144908912,-0.043102848
2023-07-08 00:00:00,-0.150275909,-0.04610584
2023-07-09 00:00:00,-0.1503515,-0.046148269
2023-07-10 00:00:00,-0.154206667,-0.048312257
2023-07-11 00:00:00,-0.14831053,-0.044995086
2023-07-12 00:00:00,-0.152468063,-0.047326021
2023-07-13 00:00:00,-0.074533222,-0.00352443
2023-07-14 00:00:00,-0.082016781,-0.007553307
2023-07-15 00:00:00,-0.03923199,0.015574363
2023-07-16 00:00:00,-0.039458765,0.015454507
2023-07-17 00:00:00,-0.013908837,0.028959804
2023-07-18 00:00:00,-0.05933933,0.005257051
2023-07-19 00:00:00,-0.043087157,0.013941166
2023-07-20 00:00:00,-0.046942324,0.011898706
2023-07-21 00:00:00,-0.068183536,0.000622392
2023-07-22 00:00:00,-0.073852899,-0.002421604
2023-07-23 00:00:00,-0.054652657,0.007918949
2023-07-24 00:00:00,-0.103787134,-0.044467691
2023-07-25 00:00:00,-0.117091239,-0.051560036
2023-07-26 00:00:00,-0.095245294,-0.028092643
2023-07-27 00:00:00,-0.113840804,-0.038080495
2023-07-28 00:00:00,-0.113311664,-0.038080495
2023-07-29 00:00:00,-0.106886386,-0.034595279
2023-07-30 00:00:00,-0.125028347,-0.04440049
2023-07-31 00:00:00,-0.116410915,-0.04440049
2023-08-01 00:00:00,-0.121551138,-0.047180059
2023-08-02 00:00:00,-0.14377504,-0.071285477
2023-08-03 00:00:00,-0.146874291,-0.071285477
2023-08-04 00:00:00,-0.125255121,-0.071285477
2023-08-05 00:00:00,-0.14075138,-0.079511647
2023-08-06 00:00:00,-0.13976869,-0.078985284
2023-08-07 00:00:00,-0.142641167,-0.080523006
2023-08-08 00:00:00,-0.123592108,-0.070308397
2023-08-09 00:00:00,-0.110968327,-0.063612757
2023-08-10 00:00:00,-0.123289742,-0.070101623
2023-08-11 00:00:00,-0.124272432,-0.070622777
2023-08-12 00:00:00,-0.120417265,-0.068577104
2023-08-13 00:00:00,-0.138030085,-0.068577104
2023-08-14 00:00:00,-0.137198579,-0.068577104
2023-08-15 00:00:00,-0.146193968,-0.068577104
2023-08-16 00:00:00,-0.207271903,-0.068577104
2023-08-17 00:00:00,-0.256481971,-0.068577104
2023-08-18 00:00:00,-0.239171517,-0.068577104
2023-08-19 00:00:00,-0.228664298,-0.068577104
2023-08-20 00:00:00,-0.222541386,-0.068577104
2023-08-21 00:00:00,-0.248922821,-0.068577104
2023-08-22 00:00:00,-0.258296168,-0.068577104
2023-08-23 00:00:00,-0.237886462,-0.068577104
2023-08-24 00:00:00,-0.2589009,-0.068577104
2023-08-25 00:00:00,-0.282863406,-0.068577104
2023-08-26 00:00:00,-0.281805125,-0.068577104
2023-08-27 00:00:00,-0.275757805,-0.068577104
2023-08-28 00:00:00,-0.282485449,-0.068577104
2023-08-29 00:00:00,-0.26646005,-0.068577104
2023-08-30 00:00:00,-0.28807922,-0.068577104
2023-08-31 00:00:00,-0.307808602,-0.068577104
2023-09-01 00:00:00,-0.331619926,-0.068577104
2023-09-02 00:00:00,-0.328974223,-0.068577104
2023-09-03 00:00:00,-0.316350442,-0.068577104
2023-09-04 00:00:00,-0.322473354,-0.068577104
2023-09-05 00:00:00,-0.319222919,-0.068577104
2023-09-06 00:00:00,-0.31876937,-0.068577104
2023-09-07 00:00:00,-0.310151939,-0.068577104
2023-09-08 00:00:00,-0.318693779,-0.068577104
2023-09-09 00:00:00,-0.321415073,-0.068577104
2023-09-10 00:00:00,-0.362234485,-0.068577104
2023-09-11 00:00:00,-0.424219518,-0.068577104
2023-09-12 00:00:00,-0.408496485,-0.068577104
2023-09-13 00:00:00,-0.406455514,-0.068577104
2023-09-14 00:00:00,-0.392697861,-0.068577104
2023-09-15 00:00:00,-0.389523018,-0.068577104
2023-09-16 00:00:00,-0.374404717,-0.068577104
2023-09-17 00:00:00,-0.399576688,-0.068577104
2023-09-18 00:00:00,-0.377730743,-0.068577104
2023-09-19 00:00:00,-0.347116184,-0.068577104
2023-09-20 00:00:00,-0.349837478,-0.068577104
2023-09-21 00:00:00,-0.378864616,-0.068577104
2023-09-22 00:00:00,-0.365258145,-0.068577104
2023-09-23 00:00:00,-0.379998488,-0.068577104
2023-09-24 00:00:00,-0.39012775,-0.068577104
2023-09-25 00:00:00,-0.390354524,-0.068577104
2023-09-26 00:00:00,-0.375614181,-0.068577104
2023-09-27 00:00:00,-0.381510318,-0.068577104
2023-09-28 00:00:00,-0.325572606,-0.068577104
2023-09-29 00:00:00,-0.318542596,-0.068577104
2023-09-30 00:00:00,-0.314385063,-0.068577104
2023-10-01 00:00:00,-0.267669514,-0.068577104
2023-10-02 00:00:00,-0.296318694,-0.086795997
2023-10-03 00:00:00,-0.315972485,-0.099548873
2023-10-04 00:00:00,-0.332451432,-0.110395284
2023-10-05 00:00:00,-0.352407589,-0.110395284
2023-10-06 00:00:00,-0.327840351,-0.110395284
2023-10-07 00:00:00,-0.343714566,-0.110395284
2023-10-08 00:00:00,-0.360269106,-0.110395284
2023-10-09 00:00:00,-0.38060322,-0.110395284
2023-10-10 00:00:00,-0.378108701,-0.110395284
2023-10-11 00:00:00,-0.383400106,-0.110395284
2023-10-12 00:00:00,-0.392471086,-0.116938901
2023-10-13 00:00:00,-0.390354524,-0.115400659
2023-10-14 00:00:00,-0.393227001,-0.11748465
2023-10-15 00:00:00,-0.392773452,-0.11748465
2023-10-16 00:00:00,-0.380981178,-0.11748465
2023-10-17 00:00:00,-0.407891753,-0.11748465
2023-10-18 00:00:00,-0.408798851,-0.11748465
2023-10-19 00:00:00,-0.418776929,-0.11748465
2023-10-20 00:00:00,-0.395570338,-0.11748465
2023-10-21 00:00:00,-0.370851916,-0.11748465
2023-10-22 00:00:00,-0.35543125,-0.106669251
2023-10-23 00:00:00,-0.331771109,-0.090273536
2023-10-24 00:00:00,-0.319978834,-0.082246537
2023-10-25 00:00:00,-0.302366014,-0.070361446
2023-10-26 00:00:00,-0.291254063,-0.06295778
2023-10-27 00:00:00,-0.308035377,-0.074051177
2023-10-28 00:00:00,-0.304558168,-0.071724672
2023-10-29 00:00:00,-0.282712223,-0.057144696
2023-10-30 00:00:00,-0.270012851,-0.048798205
2023-10-31 00:00:00,-0.285282334,-0.058746573
2023-11-01 00:00:00,-0.212260942,-0.058746573
2023-11-02 00:00:00,-0.251039383,-0.081914359
2023-11-03 00:00:00,-0.198200922,-0.049529324
2023-11-04 00:00:00,-0.170836798,-0.033310299
2023-11-05 00:00:00,-0.17544788,-0.035998241
2023-11-06 00:00:00,-0.149595585,-0.020886002
2023-11-07 00:00:00,-0.181192834,-0.057265527
2023-11-08 00:00:00,-0.173104543,-0.052609296
2023-11-09 00:00:00,-0.086325497,-0.00289705
2023-11-10 00:00:00,-0.112328974,-0.031274928
2023-11-11 00:00:00,-0.139466324,-0.046082571
2023-11-12 00:00:00,-0.125481896,-0.038331573
2023-11-13 00:00:00,-0.156927961,-0.055621488
2023-11-14 00:00:00,-0.185652733,-0.071709708
2023-11-15 00:00:00,-0.135989115,-0.043403446
2023-11-16 00:00:00,-0.184292086,-0.070142956
2023-11-17 00:00:00,-0.211580618,-0.085696584
2023-11-18 00:00:00,-0.219139769,-0.09007963
2023-11-19 00:00:00,-0.208708141,-0.084001749
2023-11-20 00:00:00,-0.223448484,-0.092533449
2023-11-21 00:00:00,-0.281729534,-0.126586632
2023-11-22 00:00:00,-0.229495805,-0.094828653
2023-11-23 00:00:00,-0.231310001,-0.095894292
2023-11-24 00:00:00,-0.206515988,-0.081313376
2023-11-25 00:00:00,-0.193438657,-0.073742985
2023-11-26 00:00:00,-0.215813743,-0.086590786
2023-11-27 00:00:00,-0.23078086,-0.095307531
2023-11-28 00:00:00,-0.23078086,-0.095307531
2023-11-29 00:00:00,-0.238113236,-0.099619401
2023-11-30 00:00:00,-0.239020334,-0.100155395
2023-12-01 00:00:00,-0.218308262,-0.087909571
2023-12-02 00:00:00,-0.159649255,-0.087909571
2023-12-03 00:00:00,-0.1699297,-0.093488607
2023-12-04 00:00:00,-0.173482501,-0.095428596
2023-12-05 00:00:00,-0.174540782,-0.095428596
2023-12-06 00:00:00,-0.199183612,-0.108930898
2023-12-07 00:00:00,-0.11361403,-0.108930898
2023-12-08 00:00:00,-0.117544788,-0.110906661
2023-12-09 00:00:00,-0.13825686,-0.131774536
2023-12-10 00:00:00,-0.125557487,-0.131774536
2023-12-11 00:00:00,-0.17144153,-0.131774536
2023-12-12 00:00:00,-0.05230932,-0.131774536
2023-12-13 00:00:00,-0.102728853,-0.177966319
2023-12-14 00:00:00,-0.104845415,-0.179905405
2023-12-15 00:00:00,-0.167964321,-0.2377317
2023-12-16 00:00:00,-0.149217628,-0.229144322
2023-12-17 00:00:00,-0.16289969,-0.241541024
2023-12-18 00:00:00,-0.166981631,-0.245239487
2023-12-19 00:00:00,-0.187844886,-0.264142745
2023-12-20 00:00:00,-0.16388238,-0.242431394
2023-12-21 00:00:00,-0.123440925,-0.20578921
2023-12-22 00:00:00,0.074004082,-0.026893161
2023-12-23 00:00:00,0.054425883,-0.044632088
2023-12-24 00:00:00,0.024340464,-0.071891133
2023-12-25 00:00:00,0.050041575,-0.048604511
2023-12-26 00:00:00,0.003552801,-0.090725901
2023-12-27 00:00:00,0.138634817,0.031665845
2023-12-28 00:00:00,0.110741553,0.006393011
2023-12-29 00:00:00,0.141960844,0.034679407
2023-12-30 00:00:00,0.119812533,0.014611818
2023-12-31 00:00:00,0.181192834,0.070225751
2024-01-01 00:00:00,0.312495276,0.189192993
2024-01-02 00:00:00,0.339405851,0.213575456
2024-01-03 00:00:00,0.44697256,0.311036818
2024-01-04 00:00:00,0.515760828,0.373362777
2024-01-05 00:00:00,0.475168191,0.336583613
2024-01-06 00:00:00,0.324060776,0.199671973
2024-01-07 00:00:00,0.300854184,0.178645523
2024-01-08 00:00:00,0.376748054,0.247409548
2024-01-09 00:00:00,0.393604959,0.262682833
2024-01-10 00:00:00,0.685236979,0.526917502
2024-01-11 00:00:00,0.707612064,0.547190561
2024-01-12 00:00:00,0.666036737,0.509521026
2024-01-13 00:00:00,0.645173483,0.490617768
2024-01-14 00:00:00,0.535490211,0.391238684
2024-01-15 00:00:00,0.595131907,0.445277345
2024-01-16 00:00:00,0.626502381,0.473700722
2024-01-17 00:00:00,0.541159574,0.396375439
2024-01-18 00:00:00,0.430493613,0.296105984
2024-01-19 00:00:00,0.403356263,0.271518051
2024-01-20 00:00:00,0.373270844,0.244259005
2024-01-21 00:00:00,0.372968478,0.243985045
2024-01-22 00:00:00,0.277118452,0.157139643
2024-01-23 00:00:00,0.277345226,0.157345113
2024-01-24 00:00:00,0.313402374,0.190014874
2024-01-25 00:00:00,0.308866883,0.18590547
2024-01-26 00:00:00,0.373270844,0.244259005
2024-01-27 00:00:00,0.357850178,0.230287032
2024-01-28 00:00:00,0.359362008,0.231656833
2024-01-29 00:00:00,0.401617658,0.26994278
2024-01-30 00:00:00,0.424597475,0.290763759
2024-01-31 00:00:00,0.332149066,0.20700041
2024-02-01 00:00:00,0.348552423,0.221862754
2024-02-02 00:00:00,0.354372968,0.227136489
2024-02-03 00:00:00,0.334416812,0.218095801
2024-02-04 00:00:00,0.308640109,0.206330926
2024-02-05 00:00:00,0.311059037,0.207445834
2024-02-06 00:00:00,0.383324514,0.240722997
2024-02-07 00:00:00,0.435104694,0.28716536
2024-02-08 00:00:00,0.407211429,0.262147503
2024-02-09 00:00:00,0.497694459,0.343302991
2024-02-10 00:00:00,0.481593469,0.33608239
2024-02-11 00:00:00,0.468289364,0.330083653
2024-02-12 00:00:00,0.57064026,0.376442108
2024-02-13 00:00:00,0.547660443,0.366372842
2024-02-14 00:00:00,0.596341371,0.409351455
2024-02-15 00:00:00,0.567465417,0.38385793
2024-02-16 00:00:00,0.520674276,0.363202836
2024-02-17 00:00:00,0.489908534,0.349412918
2024-02-18 00:00:00,0.542898178,0.397405737
2024-02-19 00:00:00,0.553783355,0.407264461
2024-02-20 00:00:00,0.520749868,0.377345971
2024-02-21 00:00:00,0.419684028,0.285810452
2024-02-22 00:00:00,0.367979439,0.238981511
2024-02-23 00:00:00,0.360798246,0.232477491
2024-02-24 00:00:00,0.395419155,0.263833712
2024-02-25 00:00:00,0.441303198,0.305390975
2024-02-26 00:00:00,0.459067201,0.321479865
2024-02-27 00:00:00,0.434953511,0.299640052
2024-02-28 00:00:00,0.437599214,0.30203627
2024-02-29 00:00:00,0.471237433,0.332502467
2024-03-01 00:00:00,0.504573286,0.362694811
2024-03-02 00:00:00,0.53344924,0.388847816
2024-03-03 00:00:00,0.547206894,0.401308149
2024-03-04 00:00:00,0.500037796,0.358587009
2024-03-05 00:00:00,0.486809283,0.34660592
2024-03-06 00:00:00,0.554388087,0.407812168
2024-03-07 00:00:00,0.638219064,0.48373804
2024-03-08 00:00:00,0.614558924,0.462309007
2024-03-09 00:00:00,0.58674125,0.437114488
2024-03-10 00:00:00,0.564517348,0.416986259
2024-03-11 00:00:00,0.576989946,0.428282714
2024-03-12 00:00:00,0.526570413,0.38261765
2024-03-13 00:00:00,0.600650087,0.449711748
2024-03-14 00:00:00,0.525134175,0.381316846
2024-03-15 00:00:00,0.428679416,0.337637219
2024-03-16 00:00:00,0.328671857,0.290819917
2024-03-17 00:00:00,0.313477965,0.283439397
2024-03-18 00:00:00,0.228286341,0.241817729
2024-03-19 00:00:00,0.229117847,0.242238062
2024-03-20 00:00:00,0.320885932,0.288611894
2024-03-21 00:00:00,0.274094792,0.265787962
2024-03-22 00:00:00,0.213621589,0.235748497
2024-03-23 00:00:00,0.206667171,0.232207891
2024-03-24 00:00:00,0.263814347,0.261386278
2024-03-25 00:00:00,0.303953436,0.281417264
2024-03-26 00:00:00,0.286869756,0.273023052
2024-03-27 00:00:00,0.251946481,0.255749302
2024-03-28 00:00:00,0.261244236,0.2604123
2024-03-29 00:00:00,0.243782599,0.251687241
2024-03-30 00:00:00,0.241968403,0.250774378
2024-03-31 00:00:00,0.257767027,0.258729699
2024-04-01 00:00:00,0.18603069,0.222834077
2024-04-02 00:00:00,0.09554766,0.176188686
2024-04-03 00:00:00,0.119056618,0.188808388
2024-04-04 00:00:00,0.103938317,0.180778069
2024-04-05 00:00:00,0.084133343,0.170186318
2024-04-06 00:00:00,0.125028347,0.192256838
2024-04-07 00:00:00,0.156398821,0.20887938
2024-04-08 00:00:00,0.18754252,0.225157924
2024-04-09 00:00:00,0.122458236,0.191585009
2024-04-10 00:00:00,0.109305314,0.184603536
2024-04-11 00:00:00,0.072870209,0.165149399
2024-04-12 00:00:00,-0.113387255,0.064010524
2024-04-13 00:00:00,-0.220802782,0.064010524
2024-04-14 00:00:00,-0.108776174,0.064010524
2024-04-15 00:00:00,-0.12918588,0.051827197
2024-04-16 00:00:00,-0.127976415,0.052557633
2024-04-17 00:00:00,-0.164562703,0.03047728
2024-04-18 00:00:00,-0.13976869,0.045768474
2024-04-19 00:00:00,-0.154131076,0.037038421
2024-04-20 00:00:00,-0.081336458,0.037038421
2024-04-21 00:00:00,-0.101443798,0.037038421
2024-04-22 00:00:00,-0.086703455,0.037038421
2024-04-23 00:00:00,-0.109456497,0.037038421
2024-04-24 00:00:00,-0.157079144,0.037038421
2024-04-25 00:00:00,-0.176884118,0.037038421
2024-04-26 00:00:00,-0.195252854,0.037038421
2024-04-27 00:00:00,-0.149671177,0.037038421
2024-04-28 00:00:00,-0.167888729,0.037038421
2024-04-29 00:00:00,-0.200922216,0.037038421
2024-04-30 00:00:00,-0.227606017,0.037038421
2024-05-01 00:00:00,-0.222163429,0.037038421
2024-05-02 00:00:00,-0.222768161,0.037038421
2024-05-03 00:00:00,-0.195328445,0.037038421
2024-05-04 00:00:00,-0.198049739,0.037038421
2024-05-05 00:00:00,-0.191019729,0.037038421
2024-05-06 00:00:00,-0.199032429,0.037038421
2024-05-07 00:00:00,-0.22526268,0.037038421
2024-05-08 00:00:00,-0.223070527,0.037038421
2024-05-09 00:00:00,-0.213394814,0.037038421
2024-05-10 00:00:00,-0.248242498,0.037038421
2024-05-11 00:00:00,-0.244009373,0.037038421
2024-05-12 00:00:00,-0.246428301,0.037038421
2024-05-13 00:00:00,-0.258371759,0.037038421
2024-05-14 00:00:00,-0.293295034,0.037038421
2024-05-15 00:00:00,-0.249149596,0.037038421
2024-05-16 00:00:00,-0.266006501,0.037038421
2024-05-17 00:00:00,-0.221407514,0.037038421
2024-05-18 00:00:00,-0.23078086,0.037038421
2024-05-19 00:00:00,-0.265930909,0.037038421
2024-05-20 00:00:00,-0.147856981,0.037038421
2024-05-21 00:00:00,-0.090256255,0.037038421
2024-05-22 00:00:00,-0.136669438,0.010584678
2024-05-23 00:00:00,-0.090180664,0.010584678
2024-05-24 00:00:00,-0.124348023,-0.008391073
2024-05-25 00:00:00,-0.098949278,0.005989996
2024-05-26 00:00:00,-0.097815406,0.006622959
2024-05-27 00:00:00,-0.069619775,0.022352761
2024-05-28 00:00:00,-0.092221634,0.00993468
2024-05-29 00:00:00,-0.137047396,-0.015000421
2024-05-30 00:00:00,-0.146496334,-0.020393069
2024-05-31 00:00:00,-0.153375161,-0.024340649
2024-06-01 00:00:00,-0.142716759,-0.018199221
2024-06-02 00:00:00,-0.1583642,-0.027159311
2024-06-03 00:00:00,-0.164109154,-0.030479587
2024-06-04 00:00:00,-0.162143775,-0.0293398
2024-06-05 00:00:00,-0.149746768,-0.022158806
2024-06-06 00:00:00,-0.176732935,-0.037676645
2024-06-07 00:00:00,-0.245143246,-0.07765932
2024-06-08 00:00:00,-0.268349837,-0.07765932
2024-06-09 00:00:00,-0.259732406,-0.07765932
2024-06-10 00:00:00,-0.274321566,-0.07765932
2024-06-11 00:00:00,-0.291329655,-0.07765932
2024-06-12 00:00:00,-0.264267896,-0.07765932
2024-06-13 00:00:00,-0.291783204,-0.07765932
2024-06-14 00:00:00,-0.310605488,-0.089915849
2024-06-15 00:00:00,-0.303046338,-0.089915849
2024-06-16 00:00:00,-0.301383325,-0.089915849
2024-06-17 00:00:00,-0.351727266,-0.089915849
2024-06-18 00:00:00,-0.399576688,-0.089915849
2024-06-19 00:00:00,-0.385667851,-0.089915849
2024-06-20 00:00:00,-0.39466324,-0.089915849
2024-06-21 00:00:00,-0.393982916,-0.089915849
2024-06-22 00:00:00,-0.391790763,-0.089915849
2024-06-23 00:00:00,-0.407513795,-0.089915849
2024-06-24 00:00:00,-0.380225263,-0.089915849
2024-06-25 00:00:00,-0.373119661,-0.089915849
2024-06-26 00:00:00,-0.386196991,-0.089915849
2024-06-27 00:00:00,-0.378184292,-0.089915849
2024-06-28 00:00:00,-0.401768841,-0.089915849
2024-06-29 00:00:00,-0.410915413,-0.089915849
2024-06-30 00:00:00,-0.394134099,-0.089915849
2024-07-01 00:00:00,-0.410839822,-0.089915849
2024-07-02 00:00:00,-0.407891753,-0.089915849
2024-07-03 00:00:00,-0.422480913,-0.089915849
2024-07-04 00:00:00,-0.486884874,-0.089915849
2024-07-05 00:00:00,-0.529594074,-0.089915849
2024-07-06 00:00:00,-0.476302064,-0.089915849
2024-07-07 00:00:00,-0.508504044,-0.089915849
2024-07-08 00:00:00,-0.495653489,-0.089915849
2024-07-09 00:00:00,-0.463375917,-0.089915849
2024-07-10 00:00:00,-0.460805805,-0.089915849
2024-07-11 00:00:00,-0.476302064,-0.089915849
2024-07-12 00:00:00,-0.471842165,-0.089915849
2024-07-13 00:00:00,-0.470783884,-0.089915849
2024-07-14 00:00:00,-0.454682894,-0.089915849
2024-07-15 00:00:00,-0.415677678,-0.089915849
2024-07-16 00:00:00,-0.431929851,-0.089915849
2024-07-17 00:00:00,-0.435558243,-0.089915849
2024-07-18 00:00:00,-0.435029103,-0.089915849
2024-07-19 00:00:00,-0.41529972,-0.089915849
2024-07-20 00:00:00,-0.411444554,-0.089915849
2024-07-21 00:00:00,-0.393604959,-0.089915849
2024-07-22 00:00:00,-0.426033714,-0.11425056
2024-07-23 00:00:00,-0.396250661,-0.11425056
2024-07-24 00:00:00,-0.441378789,-0.147353878
2024-07-25 00:00:00,-0.472446897,-0.147353878
2024-07-26 00:00:00,-0.451054501,-0.147353878
2024-07-27 00:00:00,-0.455363217,-0.147353878
2024-07-28 00:00:00,-0.461637312,-0.147353878
2024-07-29 00:00:00,-0.468138181,-0.147353878
2024-07-30 00:00:00,-0.487791972,-0.147353878
2024-07-31 00:00:00,-0.50328823,-0.147353878
2024-08-01 00:00:00,-0.506085116,-0.147353878
2024-08-02 00:00:00,-0.544183234,-0.147353878
2024-08-03 00:00:00,-0.541159574,-0.147353878
2024-08-04 00:00:00,-0.573059188,-0.147353878
2024-08-05 00:00:00,-0.635951319,-0.147353878
2024-08-06 00:00:00,-0.620379469,-0.147353878
2024-08-07 00:00:00,-0.633910348,-0.147353878
2024-08-08 00:00:00,-0.580769522,-0.147353878
2024-08-09 00:00:00,-0.563685842,-0.147353878
2024-08-10 00:00:00,-0.563837025,-0.147353878
2024-08-11 00:00:00,-0.582810492,-0.147353878
2024-08-12 00:00:00,-0.554917227,-0.147353878
2024-08-13 00:00:00,-0.562703152,-0.147353878
2024-08-14 00:00:00,-0.575704891,-0.147353878
2024-08-15 00:00:00,-0.595131907,-0.147353878
2024-08-16 00:00:00,-0.596870512,-0.147353878
2024-08-17 00:00:00,-0.591881473,-0.147353878
2024-08-18 00:00:00,-0.594451584,-0.147353878
2024-08-19 00:00:00,-0.591654698,-0.147353878
2024-08-20 00:00:00,-0.595509865,-0.147353878
2024-08-21 00:00:00,-0.58220576,-0.147353878
2024-08-22 00:00:00,-0.575553708,-0.147353878
2024-08-23 00:00:00,-0.5444856,-0.147353878
2024-08-24 00:00:00,-0.530274397,-0.147353878
2024-08-25 00:00:00,-0.54849195,-0.147353878
2024-08-26 00:00:00,-0.568674881,-0.147353878
2024-08-27 00:00:00,-0.60329579,-0.147353878
2024-08-28 00:00:00,-0.605790309,-0.147353878
2024-08-29 00:00:00,-0.612593544,-0.147353878
2024-08-30 00:00:00,-0.611762038,-0.147353878
2024-08-31 00:00:00,-0.611686446,-0.147353878
2024-09-01 00:00:00,-0.62997959,-0.147353878
2024-09-02 00:00:00,-0.609796659,-0.147353878
2024-09-03 00:00:00,-0.626729156,-0.147353878
2024-09-04 00:00:00,-0.624385819,-0.147353878
2024-09-05 00:00:00,-0.624385819,-0.147353878
2024-09-06 00:00:00,-0.636858417,-0.147353878
2024-09-07 00:00:00,-0.621362159,-0.147353878
2024-09-08 00:00:00,-0.615692796,-0.147353878
2024-09-09 00:00:00,-0.604127296,-0.147353878
2024-09-10 00:00:00,-0.596946103,-0.147353878
2024-09-11 00:00:00,-0.611308489,-0.147353878
2024-09-12 00:00:00,-0.603446973,-0.147353878
2024-09-13 00:00:00,-0.594375992,-0.147353878
2024-09-14 00:00:00,-0.599138257,-0.147353878
2024-09-15 00:00:00,-0.614029783,-0.147353878
2024-09-16 00:00:00,-0.614332149,-0.147353878
2024-09-17 00:00:00,-0.605714718,-0.147353878
2024-09-18 00:00:00,-0.600196538,-0.147353878
2024-09-19 00:00:00,-0.578728551,-0.147353878
2024-09-20 00:00:00,-0.563761433,-0.132207285
2024-09-21 00:00:00,-0.534734296,-0.103335997
2024-09-22 00:00:00,-0.546828936,-0.114990444
2024-09-23 00:00:00,-0.547584851,-0.114990444
2024-09-24 00:00:00,-0.53594376,-0.114990444
2024-09-25 00:00:00,-0.547811626,-0.126307149
2024-09-26 00:00:00,-0.531635044,-0.11067941
2024-09-27 00:00:00,-0.495351123,-0.076231872
2024-09-28 00:00:00,-0.510998564,-0.090553322
2024-09-29 00:00:00,-0.512208028,-0.091678005
2024-09-30 00:00:00,-0.54350291,-0.120815252
2024-10-01 00:00:00,-0.584095548,-0.159904688
2024-10-02 00:00:00,-0.59830675,-0.174257461
2024-10-03 00:00:00,-0.596719329,-0.172625866
2024-10-04 00:00:00,-0.572983597,-0.148277649
2024-10-05 00:00:00,-0.584246731,-0.159510312
2024-10-06 00:00:00,-0.577065538,-0.152251538
2024-10-07 00:00:00,-0.585078237,-0.160282042
2024-10-08 00:00:00,-0.591579107,-0.166860266
2024-10-09 00:00:00,-0.605941492,-0.181509215
2024-10-10 00:00:00,-0.602993424,-0.181509215
2024-10-11 00:00:00,-0.596416963,-0.181509215
2024-10-12 00:00:00,-0.593468894,-0.178519785
2024-10-13 00:00:00,-0.59981858,-0.184935212
2024-10-14 00:00:00,-0.573059188,-0.184935212
2024-10-15 00:00:00,-0.570867035,-0.182842712
2024-10-16 00:00:00,-0.578879734,-0.190471625
2024-10-17 00:00:00,-0.58674125,-0.198027804
2024-10-18 00:00:00,-0.574193061,-0.185852261
2024-10-19 00:00:00,-0.572227682,-0.183973348
2024-10-20 00:00:00,-0.536775266,-0.150158495
2024-10-21 00:00:00,-0.555597551,-0.167424368
2024-10-22 00:00:00,-0.561796054,-0.167424368
2024-10-23 00:00:00,-0.577065538,-0.167424368
2024-10-24 00:00:00,-0.575856074,-0.167424368
2024-10-25 00:00:00,-0.617204626,-0.167424368
2024-10-26 00:00:00,-0.611308489,-0.167424368
2024-10-27 00:00:00,-0.607528914,-0.167424368
2024-10-28 00:00:00,-0.605034394,-0.167424368
2024-10-29 00:00:00,-0.586060927,-0.167424368
2024-10-30 00:00:00,-0.578728551,-0.167424368
2024-10-31 00:00:00,-0.601783959,-0.167424368
2024-11-01 00:00:00,-0.607302139,-0.167424368
2024-11-02 00:00:00,-0.618867639,-0.167424368
2024-11-03 00:00:00,-0.635724545,-0.167424368
2024-11-04 00:00:00,-0.642376597,-0.167424368
2024-11-05 00:00:00,-0.629374858,-0.167424368
2024-11-06 00:00:00,-0.585153829,-0.167424368
2024-11-07 00:00:00,-0.560813365,-0.167424368
2024-11-08 00:00:00,-0.552649482,-0.159686143
2024-11-09 00:00:00,-0.53140827,-0.139736144
